Name,Description,Health Benefits,Medicinal/Traditional Uses,Season & Availability,Storage & Usage,Nutrients
Mango,"Mango is commonly cultivated or used in India.
It plays an important role in local diets and agriculture.","Provides essential nutrients that support overall health.
Regular consumption contributes to balanced nutrition.","Used traditionally in Indian medicine and home remedies.
Has cultural and therapeutic uses across regions.","Available seasonally depending on the crop type and region.
Local markets supply it during peak season.","Store in cool, dry conditions to maintain freshness.
Use promptly for best taste and nutrient retention.","Contains vitamins, minerals, and dietary fiber.
Also provides macronutrients appropriate to the crop type."
Banana,"Banana is commonly cultivated or used in India.
It plays an important role in local diets and agriculture.","Provides essential nutrients that support overall health.
Regular consumption contributes to balanced nutrition.","Used traditionally in Indian medicine and home remedies.
Has cultural and therapeutic uses across regions.","Available seasonally depending on the crop type and region.
Local markets supply it during peak season.","Store in cool, dry conditions to maintain freshness.
Use promptly for best taste and nutrient retention.","Contains vitamins, minerals, and dietary fiber.
Also provides macronutrients appropriate to the crop type."
Guava,"Guava is commonly cultivated or used in India.
It plays an important role in local diets and agriculture.","Provides essential nutrients that support overall health.
Regular consumption contributes to balanced nutrition.","Used traditionally in Indian medicine and home remedies.
Has cultural and therapeutic uses across regions.","Available seasonally depending on the crop type and region.
Local markets supply it during peak season.","Store in cool, dry conditions to maintain freshness.
Use promptly for best taste and nutrient retention.","Contains vitamins, minerals, and dietary fiber.
Also provides macronutrients appropriate to the crop type."
Papaya,"Papaya is commonly cultivated or used in India.
It plays an important role in local diets and agriculture.","Provides essential nutrients that support overall health.
Regular consumption contributes to balanced nutrition.","Used traditionally in Indian medicine and home remedies.
Has cultural and therapeutic uses across regions.","Available seasonally depending on the crop type and region.
Local markets supply it during peak season.","Store in cool, dry conditions to maintain freshness.
Use promptly for best taste and nutrient retention.","Contains vitamins, minerals, and dietary fiber.
Also provides macronutrients appropriate to the crop type."
Apple,"Apple is commonly cultivated or used in India.
It plays an important role in local diets and agriculture.","Provides essential nutrients that support overall health.
Regular consumption contributes to balanced nutrition.","Used traditionally in Indian medicine and home remedies.
Has cultural and therapeutic uses across regions.","Available seasonally depending on the crop type and region.
Local markets supply it during peak season.","Store in cool, dry conditions to maintain freshness.
Use promptly for best taste and nutrient retention.","Contains vitamins, minerals, and dietary fiber.
Also provides macronutrients appropriate to the crop type."
Pomegranate,"Pomegranate is commonly cultivated or used in India.
It plays an important role in local diets and agriculture.","Provides essential nutrients that support overall health.
Regular consumption contributes to balanced nutrition.","Used traditionally in Indian medicine and home remedies.
Has cultural and therapeutic uses across regions.","Available seasonally depending on the crop type and region.
Local markets supply it during peak season.","Store in cool, dry conditions to maintain freshness.
Use promptly for best taste and nutrient retention.","Contains vitamins, minerals, and dietary fiber.
Also provides macronutrients appropriate to the crop type."
Grapes,"Grapes is commonly cultivated or used in India.
It plays an important role in local diets and agriculture.","Provides essential nutrients that support overall health.
Regular consumption contributes to balanced nutrition.","Used traditionally in Indian medicine and home remedies.
Has cultural and therapeutic uses across regions.","Available seasonally depending on the crop type and region.
Local markets supply it during peak season.","Store in cool, dry conditions to maintain freshness.
Use promptly for best taste and nutrient retention.","Contains vitamins, minerals, and dietary fiber.
Also provides macronutrients appropriate to the crop type."
Orange,"Orange is commonly cultivated or used in India.
It plays an important role in local diets and agriculture.","Provides essential nutrients that support overall health.
Regular consumption contributes to balanced nutrition.","Used traditionally in Indian medicine and home remedies.
Has cultural and therapeutic uses across regions.","Available seasonally depending on the crop type and region.
Local markets supply it during peak season.","Store in cool, dry conditions to maintain freshness.
Use promptly for best taste and nutrient retention.","Contains vitamins, minerals, and dietary fiber.
Also provides macronutrients appropriate to the crop type."
Pineapple,"Pineapple is commonly cultivated or used in India.
It plays an important role in local diets and agriculture.","Provides essential nutrients that support overall health.
Regular consumption contributes to balanced nutrition.","Used traditionally in Indian medicine and home remedies.
Has cultural and therapeutic uses across regions.","Available seasonally depending on the crop type and region.
Local markets supply it during peak season.","Store in cool, dry conditions to maintain freshness.
Use promptly for best taste and nutrient retention.","Contains vitamins, minerals, and dietary fiber.
Also provides macronutrients appropriate to the crop type."
Sapota,"Sapota is commonly cultivated or used in India.
It plays an important role in local diets and agriculture.","Provides essential nutrients that support overall health.
Regular consumption contributes to balanced nutrition.","Used traditionally in Indian medicine and home remedies.
Has cultural and therapeutic uses across regions.","Available seasonally depending on the crop type and region.
Local markets supply it during peak season.","Store in cool, dry conditions to maintain freshness.
Use promptly for best taste and nutrient retention.","Contains vitamins, minerals, and dietary fiber.
Also provides macronutrients appropriate to the crop type."
Watermelon,"Watermelon is commonly cultivated or used in India.
It plays an important role in local diets and agriculture.","Provides essential nutrients that support overall health.
Regular consumption contributes to balanced nutrition.","Used traditionally in Indian medicine and home remedies.
Has cultural and therapeutic uses across regions.","Available seasonally depending on the crop type and region.
Local markets supply it during peak season.","Store in cool, dry conditions to maintain freshness.
Use promptly for best taste and nutrient retention.","Contains vitamins, minerals, and dietary fiber.
Also provides macronutrients appropriate to the crop type."
Muskmelon,"Muskmelon is commonly cultivated or used in India.
It plays an important role in local diets and agriculture.","Provides essential nutrients that support overall health.
Regular consumption contributes to balanced nutrition.","Used traditionally in Indian medicine and home remedies.
Has cultural and therapeutic uses across regions.","Available seasonally depending on the crop type and region.
Local markets supply it during peak season.","Store in cool, dry conditions to maintain freshness.
Use promptly for best taste and nutrient retention.","Contains vitamins, minerals, and dietary fiber.
Also provides macronutrients appropriate to the crop type."
Jackfruit,"Jackfruit is commonly cultivated or used in India.
It plays an important role in local diets and agriculture.","Provides essential nutrients that support overall health.
Regular consumption contributes to balanced nutrition.","Used traditionally in Indian medicine and home remedies.
Has cultural and therapeutic uses across regions.","Available seasonally depending on the crop type and region.
Local markets supply it during peak season.","Store in cool, dry conditions to maintain freshness.
Use promptly for best taste and nutrient retention.","Contains vitamins, minerals, and dietary fiber.
Also provides macronutrients appropriate to the crop type."
Custard Apple,"Custard Apple is commonly cultivated or used in India.
It plays an important role in local diets and agriculture.","Provides essential nutrients that support overall health.
Regular consumption contributes to balanced nutrition.","Used traditionally in Indian medicine and home remedies.
Has cultural and therapeutic uses across regions.","Available seasonally depending on the crop type and region.
Local markets supply it during peak season.","Store in cool, dry conditions to maintain freshness.
Use promptly for best taste and nutrient retention.","Contains vitamins, minerals, and dietary fiber.
Also provides macronutrients appropriate to the crop type."
Lychee,"Lychee is commonly cultivated or used in India.
It plays an important role in local diets and agriculture.","Provides essential nutrients that support overall health.
Regular consumption contributes to balanced nutrition.","Used traditionally in Indian medicine and home remedies.
Has cultural and therapeutic uses across regions.","Available seasonally depending on the crop type and region.
Local markets supply it during peak season.","Store in cool, dry conditions to maintain freshness.
Use promptly for best taste and nutrient retention.","Contains vitamins, minerals, and dietary fiber.
Also provides macronutrients appropriate to the crop type."
Jamun,"Jamun is commonly cultivated or used in India.
It plays an important role in local diets and agriculture.","Provides essential nutrients that support overall health.
Regular consumption contributes to balanced nutrition.","Used traditionally in Indian medicine and home remedies.
Has cultural and therapeutic uses across regions.","Available seasonally depending on the crop type and region.
Local markets supply it during peak season.","Store in cool, dry conditions to maintain freshness.
Use promptly for best taste and nutrient retention.","Contains vitamins, minerals, and dietary fiber.
Also provides macronutrients appropriate to the crop type."
Amla,"Amla is commonly cultivated or used in India.
It plays an important role in local diets and agriculture.","Provides essential nutrients that support overall health.
Regular consumption contributes to balanced nutrition.","Used traditionally in Indian medicine and home remedies.
Has cultural and therapeutic uses across regions.","Available seasonally depending on the crop type and region.
Local markets supply it during peak season.","Store in cool, dry conditions to maintain freshness.
Use promptly for best taste and nutrient retention.","Contains vitamins, minerals, and dietary fiber.
Also provides macronutrients appropriate to the crop type."
Ber (Indian Jujube),"Ber (Indian Jujube) is commonly cultivated or used in India.
It plays an important role in local diets and agriculture.","Provides essential nutrients that support overall health.
Regular consumption contributes to balanced nutrition.","Used traditionally in Indian medicine and home remedies.
Has cultural and therapeutic uses across regions.","Available seasonally depending on the crop type and region.
Local markets supply it during peak season.","Store in cool, dry conditions to maintain freshness.
Use promptly for best taste and nutrient retention.","Contains vitamins, minerals, and dietary fiber.
Also provides macronutrients appropriate to the crop type."
Mulberry,"Mulberry is commonly cultivated or used in India.
It plays an important role in local diets and agriculture.","Provides essential nutrients that support overall health.
Regular consumption contributes to balanced nutrition.","Used traditionally in Indian medicine and home remedies.
Has cultural and therapeutic uses across regions.","Available seasonally depending on the crop type and region.
Local markets supply it during peak season.","Store in cool, dry conditions to maintain freshness.
Use promptly for best taste and nutrient retention.","Contains vitamins, minerals, and dietary fiber.
Also provides macronutrients appropriate to the crop type."
Blackberry,"Blackberry is commonly cultivated or used in India.
It plays an important role in local diets and agriculture.","Provides essential nutrients that support overall health.
Regular consumption contributes to balanced nutrition.","Used traditionally in Indian medicine and home remedies.
Has cultural and therapeutic uses across regions.","Available seasonally depending on the crop type and region.
Local markets supply it during peak season.","Store in cool, dry conditions to maintain freshness.
Use promptly for best taste and nutrient retention.","Contains vitamins, minerals, and dietary fiber.
Also provides macronutrients appropriate to the crop type."
Pear,"Pear is commonly cultivated or used in India.
It plays an important role in local diets and agriculture.","Provides essential nutrients that support overall health.
Regular consumption contributes to balanced nutrition.","Used traditionally in Indian medicine and home remedies.
Has cultural and therapeutic uses across regions.","Available seasonally depending on the crop type and region.
Local markets supply it during peak season.","Store in cool, dry conditions to maintain freshness.
Use promptly for best taste and nutrient retention.","Contains vitamins, minerals, and dietary fiber.
Also provides macronutrients appropriate to the crop type."
Peach,"Peach is commonly cultivated or used in India.
It plays an important role in local diets and agriculture.","Provides essential nutrients that support overall health.
Regular consumption contributes to balanced nutrition.","Used traditionally in Indian medicine and home remedies.
Has cultural and therapeutic uses across regions.","Available seasonally depending on the crop type and region.
Local markets supply it during peak season.","Store in cool, dry conditions to maintain freshness.
Use promptly for best taste and nutrient retention.","Contains vitamins, minerals, and dietary fiber.
Also provides macronutrients appropriate to the crop type."
Plum,"Plum is commonly cultivated or used in India.
It plays an important role in local diets and agriculture.","Provides essential nutrients that support overall health.
Regular consumption contributes to balanced nutrition.","Used traditionally in Indian medicine and home remedies.
Has cultural and therapeutic uses across regions.","Available seasonally depending on the crop type and region.
Local markets supply it during peak season.","Store in cool, dry conditions to maintain freshness.
Use promptly for best taste and nutrient retention.","Contains vitamins, minerals, and dietary fiber.
Also provides macronutrients appropriate to the crop type."
Apricot,"Apricot is commonly cultivated or used in India.
It plays an important role in local diets and agriculture.","Provides essential nutrients that support overall health.
Regular consumption contributes to balanced nutrition.","Used traditionally in Indian medicine and home remedies.
Has cultural and therapeutic uses across regions.","Available seasonally depending on the crop type and region.
Local markets supply it during peak season.","Store in cool, dry conditions to maintain freshness.
Use promptly for best taste and nutrient retention.","Contains vitamins, minerals, and dietary fiber.
Also provides macronutrients appropriate to the crop type."
Strawberry,"Strawberry is commonly cultivated or used in India.
It plays an important role in local diets and agriculture.","Provides essential nutrients that support overall health.
Regular consumption contributes to balanced nutrition.","Used traditionally in Indian medicine and home remedies.
Has cultural and therapeutic uses across regions.","Available seasonally depending on the crop type and region.
Local markets supply it during peak season.","Store in cool, dry conditions to maintain freshness.
Use promptly for best taste and nutrient retention.","Contains vitamins, minerals, and dietary fiber.
Also provides macronutrients appropriate to the crop type."
Raspberry,"Raspberry is commonly cultivated or used in India.
It plays an important role in local diets and agriculture.","Provides essential nutrients that support overall health.
Regular consumption contributes to balanced nutrition.","Used traditionally in Indian medicine and home remedies.
Has cultural and therapeutic uses across regions.","Available seasonally depending on the crop type and region.
Local markets supply it during peak season.","Store in cool, dry conditions to maintain freshness.
Use promptly for best taste and nutrient retention.","Contains vitamins, minerals, and dietary fiber.
Also provides macronutrients appropriate to the crop type."
Blueberry,"Blueberry is commonly cultivated or used in India.
It plays an important role in local diets and agriculture.","Provides essential nutrients that support overall health.
Regular consumption contributes to balanced nutrition.","Used traditionally in Indian medicine and home remedies.
Has cultural and therapeutic uses across regions.","Available seasonally depending on the crop type and region.
Local markets supply it during peak season.","Store in cool, dry conditions to maintain freshness.
Use promptly for best taste and nutrient retention.","Contains vitamins, minerals, and dietary fiber.
Also provides macronutrients appropriate to the crop type."
Kiwi,"Kiwi is commonly cultivated or used in India.
It plays an important role in local diets and agriculture.","Provides essential nutrients that support overall health.
Regular consumption contributes to balanced nutrition.","Used traditionally in Indian medicine and home remedies.
Has cultural and therapeutic uses across regions.","Available seasonally depending on the crop type and region.
Local markets supply it during peak season.","Store in cool, dry conditions to maintain freshness.
Use promptly for best taste and nutrient retention.","Contains vitamins, minerals, and dietary fiber.
Also provides macronutrients appropriate to the crop type."
Persimmon,"Persimmon is commonly cultivated or used in India.
It plays an important role in local diets and agriculture.","Provides essential nutrients that support overall health.
Regular consumption contributes to balanced nutrition.","Used traditionally in Indian medicine and home remedies.
Has cultural and therapeutic uses across regions.","Available seasonally depending on the crop type and region.
Local markets supply it during peak season.","Store in cool, dry conditions to maintain freshness.
Use promptly for best taste and nutrient retention.","Contains vitamins, minerals, and dietary fiber.
Also provides macronutrients appropriate to the crop type."
Tamarind Fruit,"Tamarind Fruit is commonly cultivated or used in India.
It plays an important role in local diets and agriculture.","Provides essential nutrients that support overall health.
Regular consumption contributes to balanced nutrition.","Used traditionally in Indian medicine and home remedies.
Has cultural and therapeutic uses across regions.","Available seasonally depending on the crop type and region.
Local markets supply it during peak season.","Store in cool, dry conditions to maintain freshness.
Use promptly for best taste and nutrient retention.","Contains vitamins, minerals, and dietary fiber.
Also provides macronutrients appropriate to the crop type."
Custard Apple (Sitaphal),"Custard Apple (Sitaphal) is commonly cultivated or used in India.
It plays an important role in local diets and agriculture.","Provides essential nutrients that support overall health.
Regular consumption contributes to balanced nutrition.","Used traditionally in Indian medicine and home remedies.
Has cultural and therapeutic uses across regions.","Available seasonally depending on the crop type and region.
Local markets supply it during peak season.","Store in cool, dry conditions to maintain freshness.
Use promptly for best taste and nutrient retention.","Contains vitamins, minerals, and dietary fiber.
Also provides macronutrients appropriate to the crop type."
Wood Apple,"Wood Apple is commonly cultivated or used in India.
It plays an important role in local diets and agriculture.","Provides essential nutrients that support overall health.
Regular consumption contributes to balanced nutrition.","Used traditionally in Indian medicine and home remedies.
Has cultural and therapeutic uses across regions.","Available seasonally depending on the crop type and region.
Local markets supply it during peak season.","Store in cool, dry conditions to maintain freshness.
Use promptly for best taste and nutrient retention.","Contains vitamins, minerals, and dietary fiber.
Also provides macronutrients appropriate to the crop type."
Starfruit (Carambola),"Starfruit (Carambola) is commonly cultivated or used in India.
It plays an important role in local diets and agriculture.","Provides essential nutrients that support overall health.
Regular consumption contributes to balanced nutrition.","Used traditionally in Indian medicine and home remedies.
Has cultural and therapeutic uses across regions.","Available seasonally depending on the crop type and region.
Local markets supply it during peak season.","Store in cool, dry conditions to maintain freshness.
Use promptly for best taste and nutrient retention.","Contains vitamins, minerals, and dietary fiber.
Also provides macronutrients appropriate to the crop type."
Dragon Fruit,"Dragon Fruit is commonly cultivated or used in India.
It plays an important role in local diets and agriculture.","Provides essential nutrients that support overall health.
Regular consumption contributes to balanced nutrition.","Used traditionally in Indian medicine and home remedies.
Has cultural and therapeutic uses across regions.","Available seasonally depending on the crop type and region.
Local markets supply it during peak season.","Store in cool, dry conditions to maintain freshness.
Use promptly for best taste and nutrient retention.","Contains vitamins, minerals, and dietary fiber.
Also provides macronutrients appropriate to the crop type."
Fig,"Fig is commonly cultivated or used in India.
It plays an important role in local diets and agriculture.","Provides essential nutrients that support overall health.
Regular consumption contributes to balanced nutrition.","Used traditionally in Indian medicine and home remedies.
Has cultural and therapeutic uses across regions.","Available seasonally depending on the crop type and region.
Local markets supply it during peak season.","Store in cool, dry conditions to maintain freshness.
Use promptly for best taste and nutrient retention.","Contains vitamins, minerals, and dietary fiber.
Also provides macronutrients appropriate to the crop type."
Date,"Date is commonly cultivated or used in India.
It plays an important role in local diets and agriculture.","Provides essential nutrients that support overall health.
Regular consumption contributes to balanced nutrition.","Used traditionally in Indian medicine and home remedies.
Has cultural and therapeutic uses across regions.","Available seasonally depending on the crop type and region.
Local markets supply it during peak season.","Store in cool, dry conditions to maintain freshness.
Use promptly for best taste and nutrient retention.","Contains vitamins, minerals, and dietary fiber.
Also provides macronutrients appropriate to the crop type."
Olive,"Olive is commonly cultivated or used in India.
It plays an important role in local diets and agriculture.","Provides essential nutrients that support overall health.
Regular consumption contributes to balanced nutrition.","Used traditionally in Indian medicine and home remedies.
Has cultural and therapeutic uses across regions.","Available seasonally depending on the crop type and region.
Local markets supply it during peak season.","Store in cool, dry conditions to maintain freshness.
Use promptly for best taste and nutrient retention.","Contains vitamins, minerals, and dietary fiber.
Also provides macronutrients appropriate to the crop type."
Coconut,"Coconut is commonly cultivated or used in India.
It plays an important role in local diets and agriculture.","Provides essential nutrients that support overall health.
Regular consumption contributes to balanced nutrition.","Used traditionally in Indian medicine and home remedies.
Has cultural and therapeutic uses across regions.","Available seasonally depending on the crop type and region.
Local markets supply it during peak season.","Store in cool, dry conditions to maintain freshness.
Use promptly for best taste and nutrient retention.","Contains vitamins, minerals, and dietary fiber.
Also provides macronutrients appropriate to the crop type."
Areca Nut,"Areca Nut is commonly cultivated or used in India.
It plays an important role in local diets and agriculture.","Provides essential nutrients that support overall health.
Regular consumption contributes to balanced nutrition.","Used traditionally in Indian medicine and home remedies.
Has cultural and therapeutic uses across regions.","Available seasonally depending on the crop type and region.
Local markets supply it during peak season.","Store in cool, dry conditions to maintain freshness.
Use promptly for best taste and nutrient retention.","Contains vitamins, minerals, and dietary fiber.
Also provides macronutrients appropriate to the crop type."
Betel Nut,"Betel Nut is commonly cultivated or used in India.
It plays an important role in local diets and agriculture.","Provides essential nutrients that support overall health.
Regular consumption contributes to balanced nutrition.","Used traditionally in Indian medicine and home remedies.
Has cultural and therapeutic uses across regions.","Available seasonally depending on the crop type and region.
Local markets supply it during peak season.","Store in cool, dry conditions to maintain freshness.
Use promptly for best taste and nutrient retention.","Contains vitamins, minerals, and dietary fiber.
Also provides macronutrients appropriate to the crop type."
Tomato,"Tomato is commonly cultivated or used in India.
It plays an important role in local diets and agriculture.","Provides essential nutrients that support overall health.
Regular consumption contributes to balanced nutrition.","Used traditionally in Indian medicine and home remedies.
Has cultural and therapeutic uses across regions.","Available seasonally depending on the crop type and region.
Local markets supply it during peak season.","Store in cool, dry conditions to maintain freshness.
Use promptly for best taste and nutrient retention.","Contains vitamins, minerals, and dietary fiber.
Also provides macronutrients appropriate to the crop type."
Potato,"Potato is commonly cultivated or used in India.
It plays an important role in local diets and agriculture.","Provides essential nutrients that support overall health.
Regular consumption contributes to balanced nutrition.","Used traditionally in Indian medicine and home remedies.
Has cultural and therapeutic uses across regions.","Available seasonally depending on the crop type and region.
Local markets supply it during peak season.","Store in cool, dry conditions to maintain freshness.
Use promptly for best taste and nutrient retention.","Contains vitamins, minerals, and dietary fiber.
Also provides macronutrients appropriate to the crop type."
Onion,"Onion is commonly cultivated or used in India.
It plays an important role in local diets and agriculture.","Provides essential nutrients that support overall health.
Regular consumption contributes to balanced nutrition.","Used traditionally in Indian medicine and home remedies.
Has cultural and therapeutic uses across regions.","Available seasonally depending on the crop type and region.
Local markets supply it during peak season.","Store in cool, dry conditions to maintain freshness.
Use promptly for best taste and nutrient retention.","Contains vitamins, minerals, and dietary fiber.
Also provides macronutrients appropriate to the crop type."
Garlic,"Garlic is commonly cultivated or used in India.
It plays an important role in local diets and agriculture.","Provides essential nutrients that support overall health.
Regular consumption contributes to balanced nutrition.","Used traditionally in Indian medicine and home remedies.
Has cultural and therapeutic uses across regions.","Available seasonally depending on the crop type and region.
Local markets supply it during peak season.","Store in cool, dry conditions to maintain freshness.
Use promptly for best taste and nutrient retention.","Contains vitamins, minerals, and dietary fiber.
Also provides macronutrients appropriate to the crop type."
Ginger,"Ginger is commonly cultivated or used in India.
It plays an important role in local diets and agriculture.","Provides essential nutrients that support overall health.
Regular consumption contributes to balanced nutrition.","Used traditionally in Indian medicine and home remedies.
Has cultural and therapeutic uses across regions.","Available seasonally depending on the crop type and region.
Local markets supply it during peak season.","Store in cool, dry conditions to maintain freshness.
Use promptly for best taste and nutrient retention.","Contains vitamins, minerals, and dietary fiber.
Also provides macronutrients appropriate to the crop type."
Turmeric,"Turmeric is commonly cultivated or used in India.
It plays an important role in local diets and agriculture.","Provides essential nutrients that support overall health.
Regular consumption contributes to balanced nutrition.","Used traditionally in Indian medicine and home remedies.
Has cultural and therapeutic uses across regions.","Available seasonally depending on the crop type and region.
Local markets supply it during peak season.","Store in cool, dry conditions to maintain freshness.
Use promptly for best taste and nutrient retention.","Contains vitamins, minerals, and dietary fiber.
Also provides macronutrients appropriate to the crop type."
Brinjal (Eggplant),"Brinjal (Eggplant) is commonly cultivated or used in India.
It plays an important role in local diets and agriculture.","Provides essential nutrients that support overall health.
Regular consumption contributes to balanced nutrition.","Used traditionally in Indian medicine and home remedies.
Has cultural and therapeutic uses across regions.","Available seasonally depending on the crop type and region.
Local markets supply it during peak season.","Store in cool, dry conditions to maintain freshness.
Use promptly for best taste and nutrient retention.","Contains vitamins, minerals, and dietary fiber.
Also provides macronutrients appropriate to the crop type."
Ladyfinger (Okra),"Ladyfinger (Okra) is commonly cultivated or used in India.
It plays an important role in local diets and agriculture.","Provides essential nutrients that support overall health.
Regular consumption contributes to balanced nutrition.","Used traditionally in Indian medicine and home remedies.
Has cultural and therapeutic uses across regions.","Available seasonally depending on the crop type and region.
Local markets supply it during peak season.","Store in cool, dry conditions to maintain freshness.
Use promptly for best taste and nutrient retention.","Contains vitamins, minerals, and dietary fiber.
Also provides macronutrients appropriate to the crop type."
Cabbage,"Cabbage is commonly cultivated or used in India.
It plays an important role in local diets and agriculture.","Provides essential nutrients that support overall health.
Regular consumption contributes to balanced nutrition.","Used traditionally in Indian medicine and home remedies.
Has cultural and therapeutic uses across regions.","Available seasonally depending on the crop type and region.
Local markets supply it during peak season.","Store in cool, dry conditions to maintain freshness.
Use promptly for best taste and nutrient retention.","Contains vitamins, minerals, and dietary fiber.
Also provides macronutrients appropriate to the crop type."
Cauliflower,"Cauliflower is commonly cultivated or used in India.
It plays an important role in local diets and agriculture.","Provides essential nutrients that support overall health.
Regular consumption contributes to balanced nutrition.","Used traditionally in Indian medicine and home remedies.
Has cultural and therapeutic uses across regions.","Available seasonally depending on the crop type and region.
Local markets supply it during peak season.","Store in cool, dry conditions to maintain freshness.
Use promptly for best taste and nutrient retention.","Contains vitamins, minerals, and dietary fiber.
Also provides macronutrients appropriate to the crop type."
Broccoli,"Broccoli is commonly cultivated or used in India.
It plays an important role in local diets and agriculture.","Provides essential nutrients that support overall health.
Regular consumption contributes to balanced nutrition.","Used traditionally in Indian medicine and home remedies.
Has cultural and therapeutic uses across regions.","Available seasonally depending on the crop type and region.
Local markets supply it during peak season.","Store in cool, dry conditions to maintain freshness.
Use promptly for best taste and nutrient retention.","Contains vitamins, minerals, and dietary fiber.
Also provides macronutrients appropriate to the crop type."
Spinach,"Spinach is commonly cultivated or used in India.
It plays an important role in local diets and agriculture.","Provides essential nutrients that support overall health.
Regular consumption contributes to balanced nutrition.","Used traditionally in Indian medicine and home remedies.
Has cultural and therapeutic uses across regions.","Available seasonally depending on the crop type and region.
Local markets supply it during peak season.","Store in cool, dry conditions to maintain freshness.
Use promptly for best taste and nutrient retention.","Contains vitamins, minerals, and dietary fiber.
Also provides macronutrients appropriate to the crop type."
Fenugreek (Methi),"Fenugreek (Methi) is commonly cultivated or used in India.
It plays an important role in local diets and agriculture.","Provides essential nutrients that support overall health.
Regular consumption contributes to balanced nutrition.","Used traditionally in Indian medicine and home remedies.
Has cultural and therapeutic uses across regions.","Available seasonally depending on the crop type and region.
Local markets supply it during peak season.","Store in cool, dry conditions to maintain freshness.
Use promptly for best taste and nutrient retention.","Contains vitamins, minerals, and dietary fiber.
Also provides macronutrients appropriate to the crop type."
Amaranth,"Amaranth is commonly cultivated or used in India.
It plays an important role in local diets and agriculture.","Provides essential nutrients that support overall health.
Regular consumption contributes to balanced nutrition.","Used traditionally in Indian medicine and home remedies.
Has cultural and therapeutic uses across regions.","Available seasonally depending on the crop type and region.
Local markets supply it during peak season.","Store in cool, dry conditions to maintain freshness.
Use promptly for best taste and nutrient retention.","Contains vitamins, minerals, and dietary fiber.
Also provides macronutrients appropriate to the crop type."
Mustard Greens (Sarson),"Mustard Greens (Sarson) is commonly cultivated or used in India.
It plays an important role in local diets and agriculture.","Provides essential nutrients that support overall health.
Regular consumption contributes to balanced nutrition.","Used traditionally in Indian medicine and home remedies.
Has cultural and therapeutic uses across regions.","Available seasonally depending on the crop type and region.
Local markets supply it during peak season.","Store in cool, dry conditions to maintain freshness.
Use promptly for best taste and nutrient retention.","Contains vitamins, minerals, and dietary fiber.
Also provides macronutrients appropriate to the crop type."
Coriander (Cilantro),"Coriander (Cilantro) is commonly cultivated or used in India.
It plays an important role in local diets and agriculture.","Provides essential nutrients that support overall health.
Regular consumption contributes to balanced nutrition.","Used traditionally in Indian medicine and home remedies.
Has cultural and therapeutic uses across regions.","Available seasonally depending on the crop type and region.
Local markets supply it during peak season.","Store in cool, dry conditions to maintain freshness.
Use promptly for best taste and nutrient retention.","Contains vitamins, minerals, and dietary fiber.
Also provides macronutrients appropriate to the crop type."
Mint (Pudina),"Mint (Pudina) is commonly cultivated or used in India.
It plays an important role in local diets and agriculture.","Provides essential nutrients that support overall health.
Regular consumption contributes to balanced nutrition.","Used traditionally in Indian medicine and home remedies.
Has cultural and therapeutic uses across regions.","Available seasonally depending on the crop type and region.
Local markets supply it during peak season.","Store in cool, dry conditions to maintain freshness.
Use promptly for best taste and nutrient retention.","Contains vitamins, minerals, and dietary fiber.
Also provides macronutrients appropriate to the crop type."
Curry Leaves,"Curry Leaves is commonly cultivated or used in India.
It plays an important role in local diets and agriculture.","Provides essential nutrients that support overall health.
Regular consumption contributes to balanced nutrition.","Used traditionally in Indian medicine and home remedies.
Has cultural and therapeutic uses across regions.","Available seasonally depending on the crop type and region.
Local markets supply it during peak season.","Store in cool, dry conditions to maintain freshness.
Use promptly for best taste and nutrient retention.","Contains vitamins, minerals, and dietary fiber.
Also provides macronutrients appropriate to the crop type."
Drumstick (Moringa),"Drumstick (Moringa) is commonly cultivated or used in India.
It plays an important role in local diets and agriculture.","Provides essential nutrients that support overall health.
Regular consumption contributes to balanced nutrition.","Used traditionally in Indian medicine and home remedies.
Has cultural and therapeutic uses across regions.","Available seasonally depending on the crop type and region.
Local markets supply it during peak season.","Store in cool, dry conditions to maintain freshness.
Use promptly for best taste and nutrient retention.","Contains vitamins, minerals, and dietary fiber.
Also provides macronutrients appropriate to the crop type."
Bitter Gourd,"Bitter Gourd is commonly cultivated or used in India.
It plays an important role in local diets and agriculture.","Provides essential nutrients that support overall health.
Regular consumption contributes to balanced nutrition.","Used traditionally in Indian medicine and home remedies.
Has cultural and therapeutic uses across regions.","Available seasonally depending on the crop type and region.
Local markets supply it during peak season.","Store in cool, dry conditions to maintain freshness.
Use promptly for best taste and nutrient retention.","Contains vitamins, minerals, and dietary fiber.
Also provides macronutrients appropriate to the crop type."
Bottle Gourd (Lauki),"Bottle Gourd (Lauki) is commonly cultivated or used in India.
It plays an important role in local diets and agriculture.","Provides essential nutrients that support overall health.
Regular consumption contributes to balanced nutrition.","Used traditionally in Indian medicine and home remedies.
Has cultural and therapeutic uses across regions.","Available seasonally depending on the crop type and region.
Local markets supply it during peak season.","Store in cool, dry conditions to maintain freshness.
Use promptly for best taste and nutrient retention.","Contains vitamins, minerals, and dietary fiber.
Also provides macronutrients appropriate to the crop type."
Ridge Gourd,"Ridge Gourd is commonly cultivated or used in India.
It plays an important role in local diets and agriculture.","Provides essential nutrients that support overall health.
Regular consumption contributes to balanced nutrition.","Used traditionally in Indian medicine and home remedies.
Has cultural and therapeutic uses across regions.","Available seasonally depending on the crop type and region.
Local markets supply it during peak season.","Store in cool, dry conditions to maintain freshness.
Use promptly for best taste and nutrient retention.","Contains vitamins, minerals, and dietary fiber.
Also provides macronutrients appropriate to the crop type."
Snake Gourd,"Snake Gourd is commonly cultivated or used in India.
It plays an important role in local diets and agriculture.","Provides essential nutrients that support overall health.
Regular consumption contributes to balanced nutrition.","Used traditionally in Indian medicine and home remedies.
Has cultural and therapeutic uses across regions.","Available seasonally depending on the crop type and region.
Local markets supply it during peak season.","Store in cool, dry conditions to maintain freshness.
Use promptly for best taste and nutrient retention.","Contains vitamins, minerals, and dietary fiber.
Also provides macronutrients appropriate to the crop type."
Ash Gourd,"Ash Gourd is commonly cultivated or used in India.
It plays an important role in local diets and agriculture.","Provides essential nutrients that support overall health.
Regular consumption contributes to balanced nutrition.","Used traditionally in Indian medicine and home remedies.
Has cultural and therapeutic uses across regions.","Available seasonally depending on the crop type and region.
Local markets supply it during peak season.","Store in cool, dry conditions to maintain freshness.
Use promptly for best taste and nutrient retention.","Contains vitamins, minerals, and dietary fiber.
Also provides macronutrients appropriate to the crop type."
Pumpkin,"Pumpkin is commonly cultivated or used in India.
It plays an important role in local diets and agriculture.","Provides essential nutrients that support overall health.
Regular consumption contributes to balanced nutrition.","Used traditionally in Indian medicine and home remedies.
Has cultural and therapeutic uses across regions.","Available seasonally depending on the crop type and region.
Local markets supply it during peak season.","Store in cool, dry conditions to maintain freshness.
Use promptly for best taste and nutrient retention.","Contains vitamins, minerals, and dietary fiber.
Also provides macronutrients appropriate to the crop type."
Carrot,"Carrot is commonly cultivated or used in India.
It plays an important role in local diets and agriculture.","Provides essential nutrients that support overall health.
Regular consumption contributes to balanced nutrition.","Used traditionally in Indian medicine and home remedies.
Has cultural and therapeutic uses across regions.","Available seasonally depending on the crop type and region.
Local markets supply it during peak season.","Store in cool, dry conditions to maintain freshness.
Use promptly for best taste and nutrient retention.","Contains vitamins, minerals, and dietary fiber.
Also provides macronutrients appropriate to the crop type."
Beetroot,"Beetroot is commonly cultivated or used in India.
It plays an important role in local diets and agriculture.","Provides essential nutrients that support overall health.
Regular consumption contributes to balanced nutrition.","Used traditionally in Indian medicine and home remedies.
Has cultural and therapeutic uses across regions.","Available seasonally depending on the crop type and region.
Local markets supply it during peak season.","Store in cool, dry conditions to maintain freshness.
Use promptly for best taste and nutrient retention.","Contains vitamins, minerals, and dietary fiber.
Also provides macronutrients appropriate to the crop type."
Radish,"Radish is commonly cultivated or used in India.
It plays an important role in local diets and agriculture.","Provides essential nutrients that support overall health.
Regular consumption contributes to balanced nutrition.","Used traditionally in Indian medicine and home remedies.
Has cultural and therapeutic uses across regions.","Available seasonally depending on the crop type and region.
Local markets supply it during peak season.","Store in cool, dry conditions to maintain freshness.
Use promptly for best taste and nutrient retention.","Contains vitamins, minerals, and dietary fiber.
Also provides macronutrients appropriate to the crop type."
Turnip,"Turnip is commonly cultivated or used in India.
It plays an important role in local diets and agriculture.","Provides essential nutrients that support overall health.
Regular consumption contributes to balanced nutrition.","Used traditionally in Indian medicine and home remedies.
Has cultural and therapeutic uses across regions.","Available seasonally depending on the crop type and region.
Local markets supply it during peak season.","Store in cool, dry conditions to maintain freshness.
Use promptly for best taste and nutrient retention.","Contains vitamins, minerals, and dietary fiber.
Also provides macronutrients appropriate to the crop type."
Cucumber,"Cucumber is commonly cultivated or used in India.
It plays an important role in local diets and agriculture.","Provides essential nutrients that support overall health.
Regular consumption contributes to balanced nutrition.","Used traditionally in Indian medicine and home remedies.
Has cultural and therapeutic uses across regions.","Available seasonally depending on the crop type and region.
Local markets supply it during peak season.","Store in cool, dry conditions to maintain freshness.
Use promptly for best taste and nutrient retention.","Contains vitamins, minerals, and dietary fiber.
Also provides macronutrients appropriate to the crop type."
Capsicum (Bell Pepper),"Capsicum (Bell Pepper) is commonly cultivated or used in India.
It plays an important role in local diets and agriculture.","Provides essential nutrients that support overall health.
Regular consumption contributes to balanced nutrition.","Used traditionally in Indian medicine and home remedies.
Has cultural and therapeutic uses across regions.","Available seasonally depending on the crop type and region.
Local markets supply it during peak season.","Store in cool, dry conditions to maintain freshness.
Use promptly for best taste and nutrient retention.","Contains vitamins, minerals, and dietary fiber.
Also provides macronutrients appropriate to the crop type."
Green Peas,"Green Peas is commonly cultivated or used in India.
It plays an important role in local diets and agriculture.","Provides essential nutrients that support overall health.
Regular consumption contributes to balanced nutrition.","Used traditionally in Indian medicine and home remedies.
Has cultural and therapeutic uses across regions.","Available seasonally depending on the crop type and region.
Local markets supply it during peak season.","Store in cool, dry conditions to maintain freshness.
Use promptly for best taste and nutrient retention.","Contains vitamins, minerals, and dietary fiber.
Also provides macronutrients appropriate to the crop type."
French Beans,"French Beans is commonly cultivated or used in India.
It plays an important role in local diets and agriculture.","Provides essential nutrients that support overall health.
Regular consumption contributes to balanced nutrition.","Used traditionally in Indian medicine and home remedies.
Has cultural and therapeutic uses across regions.","Available seasonally depending on the crop type and region.
Local markets supply it during peak season.","Store in cool, dry conditions to maintain freshness.
Use promptly for best taste and nutrient retention.","Contains vitamins, minerals, and dietary fiber.
Also provides macronutrients appropriate to the crop type."
Cluster Beans (Gavar),"Cluster Beans (Gavar) is commonly cultivated or used in India.
It plays an important role in local diets and agriculture.","Provides essential nutrients that support overall health.
Regular consumption contributes to balanced nutrition.","Used traditionally in Indian medicine and home remedies.
Has cultural and therapeutic uses across regions.","Available seasonally depending on the crop type and region.
Local markets supply it during peak season.","Store in cool, dry conditions to maintain freshness.
Use promptly for best taste and nutrient retention.","Contains vitamins, minerals, and dietary fiber.
Also provides macronutrients appropriate to the crop type."
Broad Beans (Faba),"Broad Beans (Faba) is commonly cultivated or used in India.
It plays an important role in local diets and agriculture.","Provides essential nutrients that support overall health.
Regular consumption contributes to balanced nutrition.","Used traditionally in Indian medicine and home remedies.
Has cultural and therapeutic uses across regions.","Available seasonally depending on the crop type and region.
Local markets supply it during peak season.","Store in cool, dry conditions to maintain freshness.
Use promptly for best taste and nutrient retention.","Contains vitamins, minerals, and dietary fiber.
Also provides macronutrients appropriate to the crop type."
Yam (Dioscorea),"Yam (Dioscorea) is commonly cultivated or used in India.
It plays an important role in local diets and agriculture.","Provides essential nutrients that support overall health.
Regular consumption contributes to balanced nutrition.","Used traditionally in Indian medicine and home remedies.
Has cultural and therapeutic uses across regions.","Available seasonally depending on the crop type and region.
Local markets supply it during peak season.","Store in cool, dry conditions to maintain freshness.
Use promptly for best taste and nutrient retention.","Contains vitamins, minerals, and dietary fiber.
Also provides macronutrients appropriate to the crop type."
Colocasia (Arbi),"Colocasia (Arbi) is commonly cultivated or used in India.
It plays an important role in local diets and agriculture.","Provides essential nutrients that support overall health.
Regular consumption contributes to balanced nutrition.","Used traditionally in Indian medicine and home remedies.
Has cultural and therapeutic uses across regions.","Available seasonally depending on the crop type and region.
Local markets supply it during peak season.","Store in cool, dry conditions to maintain freshness.
Use promptly for best taste and nutrient retention.","Contains vitamins, minerals, and dietary fiber.
Also provides macronutrients appropriate to the crop type."
Taro,"Taro is commonly cultivated or used in India.
It plays an important role in local diets and agriculture.","Provides essential nutrients that support overall health.
Regular consumption contributes to balanced nutrition.","Used traditionally in Indian medicine and home remedies.
Has cultural and therapeutic uses across regions.","Available seasonally depending on the crop type and region.
Local markets supply it during peak season.","Store in cool, dry conditions to maintain freshness.
Use promptly for best taste and nutrient retention.","Contains vitamins, minerals, and dietary fiber.
Also provides macronutrients appropriate to the crop type."
Kohlrabi,"Kohlrabi is commonly cultivated or used in India.
It plays an important role in local diets and agriculture.","Provides essential nutrients that support overall health.
Regular consumption contributes to balanced nutrition.","Used traditionally in Indian medicine and home remedies.
Has cultural and therapeutic uses across regions.","Available seasonally depending on the crop type and region.
Local markets supply it during peak season.","Store in cool, dry conditions to maintain freshness.
Use promptly for best taste and nutrient retention.","Contains vitamins, minerals, and dietary fiber.
Also provides macronutrients appropriate to the crop type."
Sweet Potato,"Sweet Potato is commonly cultivated or used in India.
It plays an important role in local diets and agriculture.","Provides essential nutrients that support overall health.
Regular consumption contributes to balanced nutrition.","Used traditionally in Indian medicine and home remedies.
Has cultural and therapeutic uses across regions.","Available seasonally depending on the crop type and region.
Local markets supply it during peak season.","Store in cool, dry conditions to maintain freshness.
Use promptly for best taste and nutrient retention.","Contains vitamins, minerals, and dietary fiber.
Also provides macronutrients appropriate to the crop type."
Rice,"Rice is commonly cultivated or used in India.
It plays an important role in local diets and agriculture.","Provides essential nutrients that support overall health.
Regular consumption contributes to balanced nutrition.","Used traditionally in Indian medicine and home remedies.
Has cultural and therapeutic uses across regions.","Available seasonally depending on the crop type and region.
Local markets supply it during peak season.","Store in cool, dry conditions to maintain freshness.
Use promptly for best taste and nutrient retention.","Contains vitamins, minerals, and dietary fiber.
Also provides macronutrients appropriate to the crop type."
Wheat,"Wheat is commonly cultivated or used in India.
It plays an important role in local diets and agriculture.","Provides essential nutrients that support overall health.
Regular consumption contributes to balanced nutrition.","Used traditionally in Indian medicine and home remedies.
Has cultural and therapeutic uses across regions.","Available seasonally depending on the crop type and region.
Local markets supply it during peak season.","Store in cool, dry conditions to maintain freshness.
Use promptly for best taste and nutrient retention.","Contains vitamins, minerals, and dietary fiber.
Also provides macronutrients appropriate to the crop type."
Maize (Corn),"Maize (Corn) is commonly cultivated or used in India.
It plays an important role in local diets and agriculture.","Provides essential nutrients that support overall health.
Regular consumption contributes to balanced nutrition.","Used traditionally in Indian medicine and home remedies.
Has cultural and therapeutic uses across regions.","Available seasonally depending on the crop type and region.
Local markets supply it during peak season.","Store in cool, dry conditions to maintain freshness.
Use promptly for best taste and nutrient retention.","Contains vitamins, minerals, and dietary fiber.
Also provides macronutrients appropriate to the crop type."
Barley,"Barley is commonly cultivated or used in India.
It plays an important role in local diets and agriculture.","Provides essential nutrients that support overall health.
Regular consumption contributes to balanced nutrition.","Used traditionally in Indian medicine and home remedies.
Has cultural and therapeutic uses across regions.","Available seasonally depending on the crop type and region.
Local markets supply it during peak season.","Store in cool, dry conditions to maintain freshness.
Use promptly for best taste and nutrient retention.","Contains vitamins, minerals, and dietary fiber.
Also provides macronutrients appropriate to the crop type."
Ragi (Finger Millet),"Ragi (Finger Millet) is commonly cultivated or used in India.
It plays an important role in local diets and agriculture.","Provides essential nutrients that support overall health.
Regular consumption contributes to balanced nutrition.","Used traditionally in Indian medicine and home remedies.
Has cultural and therapeutic uses across regions.","Available seasonally depending on the crop type and region.
Local markets supply it during peak season.","Store in cool, dry conditions to maintain freshness.
Use promptly for best taste and nutrient retention.","Contains vitamins, minerals, and dietary fiber.
Also provides macronutrients appropriate to the crop type."
Jowar (Sorghum),"Jowar (Sorghum) is commonly cultivated or used in India.
It plays an important role in local diets and agriculture.","Provides essential nutrients that support overall health.
Regular consumption contributes to balanced nutrition.","Used traditionally in Indian medicine and home remedies.
Has cultural and therapeutic uses across regions.","Available seasonally depending on the crop type and region.
Local markets supply it during peak season.","Store in cool, dry conditions to maintain freshness.
Use promptly for best taste and nutrient retention.","Contains vitamins, minerals, and dietary fiber.
Also provides macronutrients appropriate to the crop type."
Bajra (Pearl Millet),"Bajra (Pearl Millet) is commonly cultivated or used in India.
It plays an important role in local diets and agriculture.","Provides essential nutrients that support overall health.
Regular consumption contributes to balanced nutrition.","Used traditionally in Indian medicine and home remedies.
Has cultural and therapeutic uses across regions.","Available seasonally depending on the crop type and region.
Local markets supply it during peak season.","Store in cool, dry conditions to maintain freshness.
Use promptly for best taste and nutrient retention.","Contains vitamins, minerals, and dietary fiber.
Also provides macronutrients appropriate to the crop type."
Foxtail Millet,"Foxtail Millet is commonly cultivated or used in India.
It plays an important role in local diets and agriculture.","Provides essential nutrients that support overall health.
Regular consumption contributes to balanced nutrition.","Used traditionally in Indian medicine and home remedies.
Has cultural and therapeutic uses across regions.","Available seasonally depending on the crop type and region.
Local markets supply it during peak season.","Store in cool, dry conditions to maintain freshness.
Use promptly for best taste and nutrient retention.","Contains vitamins, minerals, and dietary fiber.
Also provides macronutrients appropriate to the crop type."
Little Millet,"Little Millet is commonly cultivated or used in India.
It plays an important role in local diets and agriculture.","Provides essential nutrients that support overall health.
Regular consumption contributes to balanced nutrition.","Used traditionally in Indian medicine and home remedies.
Has cultural and therapeutic uses across regions.","Available seasonally depending on the crop type and region.
Local markets supply it during peak season.","Store in cool, dry conditions to maintain freshness.
Use promptly for best taste and nutrient retention.","Contains vitamins, minerals, and dietary fiber.
Also provides macronutrients appropriate to the crop type."
Kodo Millet,"Kodo Millet is commonly cultivated or used in India.
It plays an important role in local diets and agriculture.","Provides essential nutrients that support overall health.
Regular consumption contributes to balanced nutrition.","Used traditionally in Indian medicine and home remedies.
Has cultural and therapeutic uses across regions.","Available seasonally depending on the crop type and region.
Local markets supply it during peak season.","Store in cool, dry conditions to maintain freshness.
Use promptly for best taste and nutrient retention.","Contains vitamins, minerals, and dietary fiber.
Also provides macronutrients appropriate to the crop type."
Barnyard Millet,"Barnyard Millet is commonly cultivated or used in India.
It plays an important role in local diets and agriculture.","Provides essential nutrients that support overall health.
Regular consumption contributes to balanced nutrition.","Used traditionally in Indian medicine and home remedies.
Has cultural and therapeutic uses across regions.","Available seasonally depending on the crop type and region.
Local markets supply it during peak season.","Store in cool, dry conditions to maintain freshness.
Use promptly for best taste and nutrient retention.","Contains vitamins, minerals, and dietary fiber.
Also provides macronutrients appropriate to the crop type."
Proso Millet,"Proso Millet is commonly cultivated or used in India.
It plays an important role in local diets and agriculture.","Provides essential nutrients that support overall health.
Regular consumption contributes to balanced nutrition.","Used traditionally in Indian medicine and home remedies.
Has cultural and therapeutic uses across regions.","Available seasonally depending on the crop type and region.
Local markets supply it during peak season.","Store in cool, dry conditions to maintain freshness.
Use promptly for best taste and nutrient retention.","Contains vitamins, minerals, and dietary fiber.
Also provides macronutrients appropriate to the crop type."
Oats,"Oats is commonly cultivated or used in India.
It plays an important role in local diets and agriculture.","Provides essential nutrients that support overall health.
Regular consumption contributes to balanced nutrition.","Used traditionally in Indian medicine and home remedies.
Has cultural and therapeutic uses across regions.","Available seasonally depending on the crop type and region.
Local markets supply it during peak season.","Store in cool, dry conditions to maintain freshness.
Use promptly for best taste and nutrient retention.","Contains vitamins, minerals, and dietary fiber.
Also provides macronutrients appropriate to the crop type."
Sorghum (Jowar),"Sorghum (Jowar) is commonly cultivated or used in India.
It plays an important role in local diets and agriculture.","Provides essential nutrients that support overall health.
Regular consumption contributes to balanced nutrition.","Used traditionally in Indian medicine and home remedies.
Has cultural and therapeutic uses across regions.","Available seasonally depending on the crop type and region.
Local markets supply it during peak season.","Store in cool, dry conditions to maintain freshness.
Use promptly for best taste and nutrient retention.","Contains vitamins, minerals, and dietary fiber.
Also provides macronutrients appropriate to the crop type."
Job's Tears (Coix),"Job's Tears (Coix) is commonly cultivated or used in India.
It plays an important role in local diets and agriculture.","Provides essential nutrients that support overall health.
Regular consumption contributes to balanced nutrition.","Used traditionally in Indian medicine and home remedies.
Has cultural and therapeutic uses across regions.","Available seasonally depending on the crop type and region.
Local markets supply it during peak season.","Store in cool, dry conditions to maintain freshness.
Use promptly for best taste and nutrient retention.","Contains vitamins, minerals, and dietary fiber.
Also provides macronutrients appropriate to the crop type."
Buckwheat,"Buckwheat is commonly cultivated or used in India.
It plays an important role in local diets and agriculture.","Provides essential nutrients that support overall health.
Regular consumption contributes to balanced nutrition.","Used traditionally in Indian medicine and home remedies.
Has cultural and therapeutic uses across regions.","Available seasonally depending on the crop type and region.
Local markets supply it during peak season.","Store in cool, dry conditions to maintain freshness.
Use promptly for best taste and nutrient retention.","Contains vitamins, minerals, and dietary fiber.
Also provides macronutrients appropriate to the crop type."
Quinoa (cultivated in India),"Quinoa (cultivated in India) is commonly cultivated or used in India.
It plays an important role in local diets and agriculture.","Provides essential nutrients that support overall health.
Regular consumption contributes to balanced nutrition.","Used traditionally in Indian medicine and home remedies.
Has cultural and therapeutic uses across regions.","Available seasonally depending on the crop type and region.
Local markets supply it during peak season.","Store in cool, dry conditions to maintain freshness.
Use promptly for best taste and nutrient retention.","Contains vitamins, minerals, and dietary fiber.
Also provides macronutrients appropriate to the crop type."
Amaranth Grain,"Amaranth Grain is commonly cultivated or used in India.
It plays an important role in local diets and agriculture.","Provides essential nutrients that support overall health.
Regular consumption contributes to balanced nutrition.","Used traditionally in Indian medicine and home remedies.
Has cultural and therapeutic uses across regions.","Available seasonally depending on the crop type and region.
Local markets supply it during peak season.","Store in cool, dry conditions to maintain freshness.
Use promptly for best taste and nutrient retention.","Contains vitamins, minerals, and dietary fiber.
Also provides macronutrients appropriate to the crop type."
Pearl Millet,"Pearl Millet is commonly cultivated or used in India.
It plays an important role in local diets and agriculture.","Provides essential nutrients that support overall health.
Regular consumption contributes to balanced nutrition.","Used traditionally in Indian medicine and home remedies.
Has cultural and therapeutic uses across regions.","Available seasonally depending on the crop type and region.
Local markets supply it during peak season.","Store in cool, dry conditions to maintain freshness.
Use promptly for best taste and nutrient retention.","Contains vitamins, minerals, and dietary fiber.
Also provides macronutrients appropriate to the crop type."
Sattu (Roasted Gram Flour),"Sattu (Roasted Gram Flour) is commonly cultivated or used in India.
It plays an important role in local diets and agriculture.","Provides essential nutrients that support overall health.
Regular consumption contributes to balanced nutrition.","Used traditionally in Indian medicine and home remedies.
Has cultural and therapeutic uses across regions.","Available seasonally depending on the crop type and region.
Local markets supply it during peak season.","Store in cool, dry conditions to maintain freshness.
Use promptly for best taste and nutrient retention.","Contains vitamins, minerals, and dietary fiber.
Also provides macronutrients appropriate to the crop type."
Chana (Bengal Gram),"Chana (Bengal Gram) is commonly cultivated or used in India.
It plays an important role in local diets and agriculture.","Provides essential nutrients that support overall health.
Regular consumption contributes to balanced nutrition.","Used traditionally in Indian medicine and home remedies.
Has cultural and therapeutic uses across regions.","Available seasonally depending on the crop type and region.
Local markets supply it during peak season.","Store in cool, dry conditions to maintain freshness.
Use promptly for best taste and nutrient retention.","Contains vitamins, minerals, and dietary fiber.
Also provides macronutrients appropriate to the crop type."
Kabuli Chana (Chickpea),"Kabuli Chana (Chickpea) is commonly cultivated or used in India.
It plays an important role in local diets and agriculture.","Provides essential nutrients that support overall health.
Regular consumption contributes to balanced nutrition.","Used traditionally in Indian medicine and home remedies.
Has cultural and therapeutic uses across regions.","Available seasonally depending on the crop type and region.
Local markets supply it during peak season.","Store in cool, dry conditions to maintain freshness.
Use promptly for best taste and nutrient retention.","Contains vitamins, minerals, and dietary fiber.
Also provides macronutrients appropriate to the crop type."
Arhar/Tur (Pigeon Pea),"Arhar/Tur (Pigeon Pea) is commonly cultivated or used in India.
It plays an important role in local diets and agriculture.","Provides essential nutrients that support overall health.
Regular consumption contributes to balanced nutrition.","Used traditionally in Indian medicine and home remedies.
Has cultural and therapeutic uses across regions.","Available seasonally depending on the crop type and region.
Local markets supply it during peak season.","Store in cool, dry conditions to maintain freshness.
Use promptly for best taste and nutrient retention.","Contains vitamins, minerals, and dietary fiber.
Also provides macronutrients appropriate to the crop type."
Moong (Green Gram),"Moong (Green Gram) is commonly cultivated or used in India.
It plays an important role in local diets and agriculture.","Provides essential nutrients that support overall health.
Regular consumption contributes to balanced nutrition.","Used traditionally in Indian medicine and home remedies.
Has cultural and therapeutic uses across regions.","Available seasonally depending on the crop type and region.
Local markets supply it during peak season.","Store in cool, dry conditions to maintain freshness.
Use promptly for best taste and nutrient retention.","Contains vitamins, minerals, and dietary fiber.
Also provides macronutrients appropriate to the crop type."
Masoor (Red Lentil),"Masoor (Red Lentil) is commonly cultivated or used in India.
It plays an important role in local diets and agriculture.","Provides essential nutrients that support overall health.
Regular consumption contributes to balanced nutrition.","Used traditionally in Indian medicine and home remedies.
Has cultural and therapeutic uses across regions.","Available seasonally depending on the crop type and region.
Local markets supply it during peak season.","Store in cool, dry conditions to maintain freshness.
Use promptly for best taste and nutrient retention.","Contains vitamins, minerals, and dietary fiber.
Also provides macronutrients appropriate to the crop type."
Urad (Black Gram),"Urad (Black Gram) is commonly cultivated or used in India.
It plays an important role in local diets and agriculture.","Provides essential nutrients that support overall health.
Regular consumption contributes to balanced nutrition.","Used traditionally in Indian medicine and home remedies.
Has cultural and therapeutic uses across regions.","Available seasonally depending on the crop type and region.
Local markets supply it during peak season.","Store in cool, dry conditions to maintain freshness.
Use promptly for best taste and nutrient retention.","Contains vitamins, minerals, and dietary fiber.
Also provides macronutrients appropriate to the crop type."
Rajma (Kidney Bean),"Rajma (Kidney Bean) is commonly cultivated or used in India.
It plays an important role in local diets and agriculture.","Provides essential nutrients that support overall health.
Regular consumption contributes to balanced nutrition.","Used traditionally in Indian medicine and home remedies.
Has cultural and therapeutic uses across regions.","Available seasonally depending on the crop type and region.
Local markets supply it during peak season.","Store in cool, dry conditions to maintain freshness.
Use promptly for best taste and nutrient retention.","Contains vitamins, minerals, and dietary fiber.
Also provides macronutrients appropriate to the crop type."
Lobia (Cowpea),"Lobia (Cowpea) is commonly cultivated or used in India.
It plays an important role in local diets and agriculture.","Provides essential nutrients that support overall health.
Regular consumption contributes to balanced nutrition.","Used traditionally in Indian medicine and home remedies.
Has cultural and therapeutic uses across regions.","Available seasonally depending on the crop type and region.
Local markets supply it during peak season.","Store in cool, dry conditions to maintain freshness.
Use promptly for best taste and nutrient retention.","Contains vitamins, minerals, and dietary fiber.
Also provides macronutrients appropriate to the crop type."
Horse Gram (Kulthi),"Horse Gram (Kulthi) is commonly cultivated or used in India.
It plays an important role in local diets and agriculture.","Provides essential nutrients that support overall health.
Regular consumption contributes to balanced nutrition.","Used traditionally in Indian medicine and home remedies.
Has cultural and therapeutic uses across regions.","Available seasonally depending on the crop type and region.
Local markets supply it during peak season.","Store in cool, dry conditions to maintain freshness.
Use promptly for best taste and nutrient retention.","Contains vitamins, minerals, and dietary fiber.
Also provides macronutrients appropriate to the crop type."
Moth Bean,"Moth Bean is commonly cultivated or used in India.
It plays an important role in local diets and agriculture.","Provides essential nutrients that support overall health.
Regular consumption contributes to balanced nutrition.","Used traditionally in Indian medicine and home remedies.
Has cultural and therapeutic uses across regions.","Available seasonally depending on the crop type and region.
Local markets supply it during peak season.","Store in cool, dry conditions to maintain freshness.
Use promptly for best taste and nutrient retention.","Contains vitamins, minerals, and dietary fiber.
Also provides macronutrients appropriate to the crop type."
Field Pea (Peas),"Field Pea (Peas) is commonly cultivated or used in India.
It plays an important role in local diets and agriculture.","Provides essential nutrients that support overall health.
Regular consumption contributes to balanced nutrition.","Used traditionally in Indian medicine and home remedies.
Has cultural and therapeutic uses across regions.","Available seasonally depending on the crop type and region.
Local markets supply it during peak season.","Store in cool, dry conditions to maintain freshness.
Use promptly for best taste and nutrient retention.","Contains vitamins, minerals, and dietary fiber.
Also provides macronutrients appropriate to the crop type."
Black-eyed Pea (Lobia),"Black-eyed Pea (Lobia) is commonly cultivated or used in India.
It plays an important role in local diets and agriculture.","Provides essential nutrients that support overall health.
Regular consumption contributes to balanced nutrition.","Used traditionally in Indian medicine and home remedies.
Has cultural and therapeutic uses across regions.","Available seasonally depending on the crop type and region.
Local markets supply it during peak season.","Store in cool, dry conditions to maintain freshness.
Use promptly for best taste and nutrient retention.","Contains vitamins, minerals, and dietary fiber.
Also provides macronutrients appropriate to the crop type."
Bengal Gram (Kala Chana),"Bengal Gram (Kala Chana) is commonly cultivated or used in India.
It plays an important role in local diets and agriculture.","Provides essential nutrients that support overall health.
Regular consumption contributes to balanced nutrition.","Used traditionally in Indian medicine and home remedies.
Has cultural and therapeutic uses across regions.","Available seasonally depending on the crop type and region.
Local markets supply it during peak season.","Store in cool, dry conditions to maintain freshness.
Use promptly for best taste and nutrient retention.","Contains vitamins, minerals, and dietary fiber.
Also provides macronutrients appropriate to the crop type."
Split Pigeon Pea (Toor Dal),"Split Pigeon Pea (Toor Dal) is commonly cultivated or used in India.
It plays an important role in local diets and agriculture.","Provides essential nutrients that support overall health.
Regular consumption contributes to balanced nutrition.","Used traditionally in Indian medicine and home remedies.
Has cultural and therapeutic uses across regions.","Available seasonally depending on the crop type and region.
Local markets supply it during peak season.","Store in cool, dry conditions to maintain freshness.
Use promptly for best taste and nutrient retention.","Contains vitamins, minerals, and dietary fiber.
Also provides macronutrients appropriate to the crop type."
Green Pea,"Green Pea is commonly cultivated or used in India.
It plays an important role in local diets and agriculture.","Provides essential nutrients that support overall health.
Regular consumption contributes to balanced nutrition.","Used traditionally in Indian medicine and home remedies.
Has cultural and therapeutic uses across regions.","Available seasonally depending on the crop type and region.
Local markets supply it during peak season.","Store in cool, dry conditions to maintain freshness.
Use promptly for best taste and nutrient retention.","Contains vitamins, minerals, and dietary fiber.
Also provides macronutrients appropriate to the crop type."
Split Green Gram (Moong Dal),"Split Green Gram (Moong Dal) is commonly cultivated or used in India.
It plays an important role in local diets and agriculture.","Provides essential nutrients that support overall health.
Regular consumption contributes to balanced nutrition.","Used traditionally in Indian medicine and home remedies.
Has cultural and therapeutic uses across regions.","Available seasonally depending on the crop type and region.
Local markets supply it during peak season.","Store in cool, dry conditions to maintain freshness.
Use promptly for best taste and nutrient retention.","Contains vitamins, minerals, and dietary fiber.
Also provides macronutrients appropriate to the crop type."
Split Black Gram (Urad Dal),"Split Black Gram (Urad Dal) is commonly cultivated or used in India.
It plays an important role in local diets and agriculture.","Provides essential nutrients that support overall health.
Regular consumption contributes to balanced nutrition.","Used traditionally in Indian medicine and home remedies.
Has cultural and therapeutic uses across regions.","Available seasonally depending on the crop type and region.
Local markets supply it during peak season.","Store in cool, dry conditions to maintain freshness.
Use promptly for best taste and nutrient retention.","Contains vitamins, minerals, and dietary fiber.
Also provides macronutrients appropriate to the crop type."
Lentil Varieties,"Lentil Varieties is commonly cultivated or used in India.
It plays an important role in local diets and agriculture.","Provides essential nutrients that support overall health.
Regular consumption contributes to balanced nutrition.","Used traditionally in Indian medicine and home remedies.
Has cultural and therapeutic uses across regions.","Available seasonally depending on the crop type and region.
Local markets supply it during peak season.","Store in cool, dry conditions to maintain freshness.
Use promptly for best taste and nutrient retention.","Contains vitamins, minerals, and dietary fiber.
Also provides macronutrients appropriate to the crop type."
Soybean,"Soybean is commonly cultivated or used in India.
It plays an important role in local diets and agriculture.","Provides essential nutrients that support overall health.
Regular consumption contributes to balanced nutrition.","Used traditionally in Indian medicine and home remedies.
Has cultural and therapeutic uses across regions.","Available seasonally depending on the crop type and region.
Local markets supply it during peak season.","Store in cool, dry conditions to maintain freshness.
Use promptly for best taste and nutrient retention.","Contains vitamins, minerals, and dietary fiber.
Also provides macronutrients appropriate to the crop type."
Groundnut (as pulse/legume),"Groundnut (as pulse/legume) is commonly cultivated or used in India.
It plays an important role in local diets and agriculture.","Provides essential nutrients that support overall health.
Regular consumption contributes to balanced nutrition.","Used traditionally in Indian medicine and home remedies.
Has cultural and therapeutic uses across regions.","Available seasonally depending on the crop type and region.
Local markets supply it during peak season.","Store in cool, dry conditions to maintain freshness.
Use promptly for best taste and nutrient retention.","Contains vitamins, minerals, and dietary fiber.
Also provides macronutrients appropriate to the crop type."
Cumin (Jeera),"Cumin (Jeera) is commonly cultivated or used in India.
It plays an important role in local diets and agriculture.","Provides essential nutrients that support overall health.
Regular consumption contributes to balanced nutrition.","Used traditionally in Indian medicine and home remedies.
Has cultural and therapeutic uses across regions.","Available seasonally depending on the crop type and region.
Local markets supply it during peak season.","Store in cool, dry conditions to maintain freshness.
Use promptly for best taste and nutrient retention.","Contains vitamins, minerals, and dietary fiber.
Also provides macronutrients appropriate to the crop type."
Coriander Seeds,"Coriander Seeds is commonly cultivated or used in India.
It plays an important role in local diets and agriculture.","Provides essential nutrients that support overall health.
Regular consumption contributes to balanced nutrition.","Used traditionally in Indian medicine and home remedies.
Has cultural and therapeutic uses across regions.","Available seasonally depending on the crop type and region.
Local markets supply it during peak season.","Store in cool, dry conditions to maintain freshness.
Use promptly for best taste and nutrient retention.","Contains vitamins, minerals, and dietary fiber.
Also provides macronutrients appropriate to the crop type."
Fennel (Saunf),"Fennel (Saunf) is commonly cultivated or used in India.
It plays an important role in local diets and agriculture.","Provides essential nutrients that support overall health.
Regular consumption contributes to balanced nutrition.","Used traditionally in Indian medicine and home remedies.
Has cultural and therapeutic uses across regions.","Available seasonally depending on the crop type and region.
Local markets supply it during peak season.","Store in cool, dry conditions to maintain freshness.
Use promptly for best taste and nutrient retention.","Contains vitamins, minerals, and dietary fiber.
Also provides macronutrients appropriate to the crop type."
Fenugreek Seeds (Methi),"Fenugreek Seeds (Methi) is commonly cultivated or used in India.
It plays an important role in local diets and agriculture.","Provides essential nutrients that support overall health.
Regular consumption contributes to balanced nutrition.","Used traditionally in Indian medicine and home remedies.
Has cultural and therapeutic uses across regions.","Available seasonally depending on the crop type and region.
Local markets supply it during peak season.","Store in cool, dry conditions to maintain freshness.
Use promptly for best taste and nutrient retention.","Contains vitamins, minerals, and dietary fiber.
Also provides macronutrients appropriate to the crop type."
Mustard Seeds,"Mustard Seeds is commonly cultivated or used in India.
It plays an important role in local diets and agriculture.","Provides essential nutrients that support overall health.
Regular consumption contributes to balanced nutrition.","Used traditionally in Indian medicine and home remedies.
Has cultural and therapeutic uses across regions.","Available seasonally depending on the crop type and region.
Local markets supply it during peak season.","Store in cool, dry conditions to maintain freshness.
Use promptly for best taste and nutrient retention.","Contains vitamins, minerals, and dietary fiber.
Also provides macronutrients appropriate to the crop type."
Nigella (Kalonji),"Nigella (Kalonji) is commonly cultivated or used in India.
It plays an important role in local diets and agriculture.","Provides essential nutrients that support overall health.
Regular consumption contributes to balanced nutrition.","Used traditionally in Indian medicine and home remedies.
Has cultural and therapeutic uses across regions.","Available seasonally depending on the crop type and region.
Local markets supply it during peak season.","Store in cool, dry conditions to maintain freshness.
Use promptly for best taste and nutrient retention.","Contains vitamins, minerals, and dietary fiber.
Also provides macronutrients appropriate to the crop type."
Ajwain (Carom),"Ajwain (Carom) is commonly cultivated or used in India.
It plays an important role in local diets and agriculture.","Provides essential nutrients that support overall health.
Regular consumption contributes to balanced nutrition.","Used traditionally in Indian medicine and home remedies.
Has cultural and therapeutic uses across regions.","Available seasonally depending on the crop type and region.
Local markets supply it during peak season.","Store in cool, dry conditions to maintain freshness.
Use promptly for best taste and nutrient retention.","Contains vitamins, minerals, and dietary fiber.
Also provides macronutrients appropriate to the crop type."
Asafoetida (Hing),"Asafoetida (Hing) is commonly cultivated or used in India.
It plays an important role in local diets and agriculture.","Provides essential nutrients that support overall health.
Regular consumption contributes to balanced nutrition.","Used traditionally in Indian medicine and home remedies.
Has cultural and therapeutic uses across regions.","Available seasonally depending on the crop type and region.
Local markets supply it during peak season.","Store in cool, dry conditions to maintain freshness.
Use promptly for best taste and nutrient retention.","Contains vitamins, minerals, and dietary fiber.
Also provides macronutrients appropriate to the crop type."
Cinnamon (Dalchini),"Cinnamon (Dalchini) is commonly cultivated or used in India.
It plays an important role in local diets and agriculture.","Provides essential nutrients that support overall health.
Regular consumption contributes to balanced nutrition.","Used traditionally in Indian medicine and home remedies.
Has cultural and therapeutic uses across regions.","Available seasonally depending on the crop type and region.
Local markets supply it during peak season.","Store in cool, dry conditions to maintain freshness.
Use promptly for best taste and nutrient retention.","Contains vitamins, minerals, and dietary fiber.
Also provides macronutrients appropriate to the crop type."
Clove,"Clove is commonly cultivated or used in India.
It plays an important role in local diets and agriculture.","Provides essential nutrients that support overall health.
Regular consumption contributes to balanced nutrition.","Used traditionally in Indian medicine and home remedies.
Has cultural and therapeutic uses across regions.","Available seasonally depending on the crop type and region.
Local markets supply it during peak season.","Store in cool, dry conditions to maintain freshness.
Use promptly for best taste and nutrient retention.","Contains vitamins, minerals, and dietary fiber.
Also provides macronutrients appropriate to the crop type."
Cardamom,"Cardamom is commonly cultivated or used in India.
It plays an important role in local diets and agriculture.","Provides essential nutrients that support overall health.
Regular consumption contributes to balanced nutrition.","Used traditionally in Indian medicine and home remedies.
Has cultural and therapeutic uses across regions.","Available seasonally depending on the crop type and region.
Local markets supply it during peak season.","Store in cool, dry conditions to maintain freshness.
Use promptly for best taste and nutrient retention.","Contains vitamins, minerals, and dietary fiber.
Also provides macronutrients appropriate to the crop type."
Black Pepper,"Black Pepper is commonly cultivated or used in India.
It plays an important role in local diets and agriculture.","Provides essential nutrients that support overall health.
Regular consumption contributes to balanced nutrition.","Used traditionally in Indian medicine and home remedies.
Has cultural and therapeutic uses across regions.","Available seasonally depending on the crop type and region.
Local markets supply it during peak season.","Store in cool, dry conditions to maintain freshness.
Use promptly for best taste and nutrient retention.","Contains vitamins, minerals, and dietary fiber.
Also provides macronutrients appropriate to the crop type."
Turmeric (Haldi),"Turmeric (Haldi) is commonly cultivated or used in India.
It plays an important role in local diets and agriculture.","Provides essential nutrients that support overall health.
Regular consumption contributes to balanced nutrition.","Used traditionally in Indian medicine and home remedies.
Has cultural and therapeutic uses across regions.","Available seasonally depending on the crop type and region.
Local markets supply it during peak season.","Store in cool, dry conditions to maintain freshness.
Use promptly for best taste and nutrient retention.","Contains vitamins, minerals, and dietary fiber.
Also provides macronutrients appropriate to the crop type."
Red Chili (Whole),"Red Chili (Whole) is commonly cultivated or used in India.
It plays an important role in local diets and agriculture.","Provides essential nutrients that support overall health.
Regular consumption contributes to balanced nutrition.","Used traditionally in Indian medicine and home remedies.
Has cultural and therapeutic uses across regions.","Available seasonally depending on the crop type and region.
Local markets supply it during peak season.","Store in cool, dry conditions to maintain freshness.
Use promptly for best taste and nutrient retention.","Contains vitamins, minerals, and dietary fiber.
Also provides macronutrients appropriate to the crop type."
Saffron,"Saffron is commonly cultivated or used in India.
It plays an important role in local diets and agriculture.","Provides essential nutrients that support overall health.
Regular consumption contributes to balanced nutrition.","Used traditionally in Indian medicine and home remedies.
Has cultural and therapeutic uses across regions.","Available seasonally depending on the crop type and region.
Local markets supply it during peak season.","Store in cool, dry conditions to maintain freshness.
Use promptly for best taste and nutrient retention.","Contains vitamins, minerals, and dietary fiber.
Also provides macronutrients appropriate to the crop type."
Bay Leaf (Tej Patta),"Bay Leaf (Tej Patta) is commonly cultivated or used in India.
It plays an important role in local diets and agriculture.","Provides essential nutrients that support overall health.
Regular consumption contributes to balanced nutrition.","Used traditionally in Indian medicine and home remedies.
Has cultural and therapeutic uses across regions.","Available seasonally depending on the crop type and region.
Local markets supply it during peak season.","Store in cool, dry conditions to maintain freshness.
Use promptly for best taste and nutrient retention.","Contains vitamins, minerals, and dietary fiber.
Also provides macronutrients appropriate to the crop type."
Nutmeg,"Nutmeg is commonly cultivated or used in India.
It plays an important role in local diets and agriculture.","Provides essential nutrients that support overall health.
Regular consumption contributes to balanced nutrition.","Used traditionally in Indian medicine and home remedies.
Has cultural and therapeutic uses across regions.","Available seasonally depending on the crop type and region.
Local markets supply it during peak season.","Store in cool, dry conditions to maintain freshness.
Use promptly for best taste and nutrient retention.","Contains vitamins, minerals, and dietary fiber.
Also provides macronutrients appropriate to the crop type."
Mace,"Mace is commonly cultivated or used in India.
It plays an important role in local diets and agriculture.","Provides essential nutrients that support overall health.
Regular consumption contributes to balanced nutrition.","Used traditionally in Indian medicine and home remedies.
Has cultural and therapeutic uses across regions.","Available seasonally depending on the crop type and region.
Local markets supply it during peak season.","Store in cool, dry conditions to maintain freshness.
Use promptly for best taste and nutrient retention.","Contains vitamins, minerals, and dietary fiber.
Also provides macronutrients appropriate to the crop type."
Star Anise,"Star Anise is commonly cultivated or used in India.
It plays an important role in local diets and agriculture.","Provides essential nutrients that support overall health.
Regular consumption contributes to balanced nutrition.","Used traditionally in Indian medicine and home remedies.
Has cultural and therapeutic uses across regions.","Available seasonally depending on the crop type and region.
Local markets supply it during peak season.","Store in cool, dry conditions to maintain freshness.
Use promptly for best taste and nutrient retention.","Contains vitamins, minerals, and dietary fiber.
Also provides macronutrients appropriate to the crop type."
Dry Ginger (Sonth),"Dry Ginger (Sonth) is commonly cultivated or used in India.
It plays an important role in local diets and agriculture.","Provides essential nutrients that support overall health.
Regular consumption contributes to balanced nutrition.","Used traditionally in Indian medicine and home remedies.
Has cultural and therapeutic uses across regions.","Available seasonally depending on the crop type and region.
Local markets supply it during peak season.","Store in cool, dry conditions to maintain freshness.
Use promptly for best taste and nutrient retention.","Contains vitamins, minerals, and dietary fiber.
Also provides macronutrients appropriate to the crop type."
Sesame (Til),"Sesame (Til) is commonly cultivated or used in India.
It plays an important role in local diets and agriculture.","Provides essential nutrients that support overall health.
Regular consumption contributes to balanced nutrition.","Used traditionally in Indian medicine and home remedies.
Has cultural and therapeutic uses across regions.","Available seasonally depending on the crop type and region.
Local markets supply it during peak season.","Store in cool, dry conditions to maintain freshness.
Use promptly for best taste and nutrient retention.","Contains vitamins, minerals, and dietary fiber.
Also provides macronutrients appropriate to the crop type."
Sunflower,"Sunflower is commonly cultivated or used in India.
It plays an important role in local diets and agriculture.","Provides essential nutrients that support overall health.
Regular consumption contributes to balanced nutrition.","Used traditionally in Indian medicine and home remedies.
Has cultural and therapeutic uses across regions.","Available seasonally depending on the crop type and region.
Local markets supply it during peak season.","Store in cool, dry conditions to maintain freshness.
Use promptly for best taste and nutrient retention.","Contains vitamins, minerals, and dietary fiber.
Also provides macronutrients appropriate to the crop type."
Mustard (Sarson),"Mustard (Sarson) is commonly cultivated or used in India.
It plays an important role in local diets and agriculture.","Provides essential nutrients that support overall health.
Regular consumption contributes to balanced nutrition.","Used traditionally in Indian medicine and home remedies.
Has cultural and therapeutic uses across regions.","Available seasonally depending on the crop type and region.
Local markets supply it during peak season.","Store in cool, dry conditions to maintain freshness.
Use promptly for best taste and nutrient retention.","Contains vitamins, minerals, and dietary fiber.
Also provides macronutrients appropriate to the crop type."
Groundnut (Peanut),"Groundnut (Peanut) is commonly cultivated or used in India.
It plays an important role in local diets and agriculture.","Provides essential nutrients that support overall health.
Regular consumption contributes to balanced nutrition.","Used traditionally in Indian medicine and home remedies.
Has cultural and therapeutic uses across regions.","Available seasonally depending on the crop type and region.
Local markets supply it during peak season.","Store in cool, dry conditions to maintain freshness.
Use promptly for best taste and nutrient retention.","Contains vitamins, minerals, and dietary fiber.
Also provides macronutrients appropriate to the crop type."
Soybean (as oilseed),"Soybean (as oilseed) is commonly cultivated or used in India.
It plays an important role in local diets and agriculture.","Provides essential nutrients that support overall health.
Regular consumption contributes to balanced nutrition.","Used traditionally in Indian medicine and home remedies.
Has cultural and therapeutic uses across regions.","Available seasonally depending on the crop type and region.
Local markets supply it during peak season.","Store in cool, dry conditions to maintain freshness.
Use promptly for best taste and nutrient retention.","Contains vitamins, minerals, and dietary fiber.
Also provides macronutrients appropriate to the crop type."
Castor,"Castor is commonly cultivated or used in India.
It plays an important role in local diets and agriculture.","Provides essential nutrients that support overall health.
Regular consumption contributes to balanced nutrition.","Used traditionally in Indian medicine and home remedies.
Has cultural and therapeutic uses across regions.","Available seasonally depending on the crop type and region.
Local markets supply it during peak season.","Store in cool, dry conditions to maintain freshness.
Use promptly for best taste and nutrient retention.","Contains vitamins, minerals, and dietary fiber.
Also provides macronutrients appropriate to the crop type."
Linseed (Flaxseed),"Linseed (Flaxseed) is commonly cultivated or used in India.
It plays an important role in local diets and agriculture.","Provides essential nutrients that support overall health.
Regular consumption contributes to balanced nutrition.","Used traditionally in Indian medicine and home remedies.
Has cultural and therapeutic uses across regions.","Available seasonally depending on the crop type and region.
Local markets supply it during peak season.","Store in cool, dry conditions to maintain freshness.
Use promptly for best taste and nutrient retention.","Contains vitamins, minerals, and dietary fiber.
Also provides macronutrients appropriate to the crop type."
Almond,"Almond is commonly cultivated or used in India.
It plays an important role in local diets and agriculture.","Provides essential nutrients that support overall health.
Regular consumption contributes to balanced nutrition.","Used traditionally in Indian medicine and home remedies.
Has cultural and therapeutic uses across regions.","Available seasonally depending on the crop type and region.
Local markets supply it during peak season.","Store in cool, dry conditions to maintain freshness.
Use promptly for best taste and nutrient retention.","Contains vitamins, minerals, and dietary fiber.
Also provides macronutrients appropriate to the crop type."
Walnut,"Walnut is commonly cultivated or used in India.
It plays an important role in local diets and agriculture.","Provides essential nutrients that support overall health.
Regular consumption contributes to balanced nutrition.","Used traditionally in Indian medicine and home remedies.
Has cultural and therapeutic uses across regions.","Available seasonally depending on the crop type and region.
Local markets supply it during peak season.","Store in cool, dry conditions to maintain freshness.
Use promptly for best taste and nutrient retention.","Contains vitamins, minerals, and dietary fiber.
Also provides macronutrients appropriate to the crop type."
Cashew,"Cashew is commonly cultivated or used in India.
It plays an important role in local diets and agriculture.","Provides essential nutrients that support overall health.
Regular consumption contributes to balanced nutrition.","Used traditionally in Indian medicine and home remedies.
Has cultural and therapeutic uses across regions.","Available seasonally depending on the crop type and region.
Local markets supply it during peak season.","Store in cool, dry conditions to maintain freshness.
Use promptly for best taste and nutrient retention.","Contains vitamins, minerals, and dietary fiber.
Also provides macronutrients appropriate to the crop type."
Pistachio,"Pistachio is commonly cultivated or used in India.
It plays an important role in local diets and agriculture.","Provides essential nutrients that support overall health.
Regular consumption contributes to balanced nutrition.","Used traditionally in Indian medicine and home remedies.
Has cultural and therapeutic uses across regions.","Available seasonally depending on the crop type and region.
Local markets supply it during peak season.","Store in cool, dry conditions to maintain freshness.
Use promptly for best taste and nutrient retention.","Contains vitamins, minerals, and dietary fiber.
Also provides macronutrients appropriate to the crop type."
Coconut (copra),"Coconut (copra) is commonly cultivated or used in India.
It plays an important role in local diets and agriculture.","Provides essential nutrients that support overall health.
Regular consumption contributes to balanced nutrition.","Used traditionally in Indian medicine and home remedies.
Has cultural and therapeutic uses across regions.","Available seasonally depending on the crop type and region.
Local markets supply it during peak season.","Store in cool, dry conditions to maintain freshness.
Use promptly for best taste and nutrient retention.","Contains vitamins, minerals, and dietary fiber.
Also provides macronutrients appropriate to the crop type."
Palm Oil (Oil Palm),"Palm Oil (Oil Palm) is commonly cultivated or used in India.
It plays an important role in local diets and agriculture.","Provides essential nutrients that support overall health.
Regular consumption contributes to balanced nutrition.","Used traditionally in Indian medicine and home remedies.
Has cultural and therapeutic uses across regions.","Available seasonally depending on the crop type and region.
Local markets supply it during peak season.","Store in cool, dry conditions to maintain freshness.
Use promptly for best taste and nutrient retention.","Contains vitamins, minerals, and dietary fiber.
Also provides macronutrients appropriate to the crop type."
Neem Seed (for oil),"Neem Seed (for oil) is commonly cultivated or used in India.
It plays an important role in local diets and agriculture.","Provides essential nutrients that support overall health.
Regular consumption contributes to balanced nutrition.","Used traditionally in Indian medicine and home remedies.
Has cultural and therapeutic uses across regions.","Available seasonally depending on the crop type and region.
Local markets supply it during peak season.","Store in cool, dry conditions to maintain freshness.
Use promptly for best taste and nutrient retention.","Contains vitamins, minerals, and dietary fiber.
Also provides macronutrients appropriate to the crop type."
Perilla (Bhang),"Perilla (Bhang) is commonly cultivated or used in India.
It plays an important role in local diets and agriculture.","Provides essential nutrients that support overall health.
Regular consumption contributes to balanced nutrition.","Used traditionally in Indian medicine and home remedies.
Has cultural and therapeutic uses across regions.","Available seasonally depending on the crop type and region.
Local markets supply it during peak season.","Store in cool, dry conditions to maintain freshness.
Use promptly for best taste and nutrient retention.","Contains vitamins, minerals, and dietary fiber.
Also provides macronutrients appropriate to the crop type."
Sugarcane,"Sugarcane is commonly cultivated or used in India.
It plays an important role in local diets and agriculture.","Provides essential nutrients that support overall health.
Regular consumption contributes to balanced nutrition.","Used traditionally in Indian medicine and home remedies.
Has cultural and therapeutic uses across regions.","Available seasonally depending on the crop type and region.
Local markets supply it during peak season.","Store in cool, dry conditions to maintain freshness.
Use promptly for best taste and nutrient retention.","Contains vitamins, minerals, and dietary fiber.
Also provides macronutrients appropriate to the crop type."
Tea,"Tea is commonly cultivated or used in India.
It plays an important role in local diets and agriculture.","Provides essential nutrients that support overall health.
Regular consumption contributes to balanced nutrition.","Used traditionally in Indian medicine and home remedies.
Has cultural and therapeutic uses across regions.","Available seasonally depending on the crop type and region.
Local markets supply it during peak season.","Store in cool, dry conditions to maintain freshness.
Use promptly for best taste and nutrient retention.","Contains vitamins, minerals, and dietary fiber.
Also provides macronutrients appropriate to the crop type."
Coffee,"Coffee is commonly cultivated or used in India.
It plays an important role in local diets and agriculture.","Provides essential nutrients that support overall health.
Regular consumption contributes to balanced nutrition.","Used traditionally in Indian medicine and home remedies.
Has cultural and therapeutic uses across regions.","Available seasonally depending on the crop type and region.
Local markets supply it during peak season.","Store in cool, dry conditions to maintain freshness.
Use promptly for best taste and nutrient retention.","Contains vitamins, minerals, and dietary fiber.
Also provides macronutrients appropriate to the crop type."
Rubber,"Rubber is commonly cultivated or used in India.
It plays an important role in local diets and agriculture.","Provides essential nutrients that support overall health.
Regular consumption contributes to balanced nutrition.","Used traditionally in Indian medicine and home remedies.
Has cultural and therapeutic uses across regions.","Available seasonally depending on the crop type and region.
Local markets supply it during peak season.","Store in cool, dry conditions to maintain freshness.
Use promptly for best taste and nutrient retention.","Contains vitamins, minerals, and dietary fiber.
Also provides macronutrients appropriate to the crop type."
Cocoa,"Cocoa is commonly cultivated or used in India.
It plays an important role in local diets and agriculture.","Provides essential nutrients that support overall health.
Regular consumption contributes to balanced nutrition.","Used traditionally in Indian medicine and home remedies.
Has cultural and therapeutic uses across regions.","Available seasonally depending on the crop type and region.
Local markets supply it during peak season.","Store in cool, dry conditions to maintain freshness.
Use promptly for best taste and nutrient retention.","Contains vitamins, minerals, and dietary fiber.
Also provides macronutrients appropriate to the crop type."
Tobacco (commercial crop),"Tobacco (commercial crop) is commonly cultivated or used in India.
It plays an important role in local diets and agriculture.","Provides essential nutrients that support overall health.
Regular consumption contributes to balanced nutrition.","Used traditionally in Indian medicine and home remedies.
Has cultural and therapeutic uses across regions.","Available seasonally depending on the crop type and region.
Local markets supply it during peak season.","Store in cool, dry conditions to maintain freshness.
Use promptly for best taste and nutrient retention.","Contains vitamins, minerals, and dietary fiber.
Also provides macronutrients appropriate to the crop type."
Arecanut (Supari),"Arecanut (Supari) is commonly cultivated or used in India.
It plays an important role in local diets and agriculture.","Provides essential nutrients that support overall health.
Regular consumption contributes to balanced nutrition.","Used traditionally in Indian medicine and home remedies.
Has cultural and therapeutic uses across regions.","Available seasonally depending on the crop type and region.
Local markets supply it during peak season.","Store in cool, dry conditions to maintain freshness.
Use promptly for best taste and nutrient retention.","Contains vitamins, minerals, and dietary fiber.
Also provides macronutrients appropriate to the crop type."
Coconut (as plantation),"Coconut (as plantation) is commonly cultivated or used in India.
It plays an important role in local diets and agriculture.","Provides essential nutrients that support overall health.
Regular consumption contributes to balanced nutrition.","Used traditionally in Indian medicine and home remedies.
Has cultural and therapeutic uses across regions.","Available seasonally depending on the crop type and region.
Local markets supply it during peak season.","Store in cool, dry conditions to maintain freshness.
Use promptly for best taste and nutrient retention.","Contains vitamins, minerals, and dietary fiber.
Also provides macronutrients appropriate to the crop type."
Cardamom (plantation spice),"Cardamom (plantation spice) is commonly cultivated or used in India.
It plays an important role in local diets and agriculture.","Provides essential nutrients that support overall health.
Regular consumption contributes to balanced nutrition.","Used traditionally in Indian medicine and home remedies.
Has cultural and therapeutic uses across regions.","Available seasonally depending on the crop type and region.
Local markets supply it during peak season.","Store in cool, dry conditions to maintain freshness.
Use promptly for best taste and nutrient retention.","Contains vitamins, minerals, and dietary fiber.
Also provides macronutrients appropriate to the crop type."
Pepper (plantation spice),"Pepper (plantation spice) is commonly cultivated or used in India.
It plays an important role in local diets and agriculture.","Provides essential nutrients that support overall health.
Regular consumption contributes to balanced nutrition.","Used traditionally in Indian medicine and home remedies.
Has cultural and therapeutic uses across regions.","Available seasonally depending on the crop type and region.
Local markets supply it during peak season.","Store in cool, dry conditions to maintain freshness.
Use promptly for best taste and nutrient retention.","Contains vitamins, minerals, and dietary fiber.
Also provides macronutrients appropriate to the crop type."
Yam (Jimikand),"Yam (Jimikand) is commonly cultivated or used in India.
It plays an important role in local diets and agriculture.","Provides essential nutrients that support overall health.
Regular consumption contributes to balanced nutrition.","Used traditionally in Indian medicine and home remedies.
Has cultural and therapeutic uses across regions.","Available seasonally depending on the crop type and region.
Local markets supply it during peak season.","Store in cool, dry conditions to maintain freshness.
Use promptly for best taste and nutrient retention.","Contains vitamins, minerals, and dietary fiber.
Also provides macronutrients appropriate to the crop type."
Cassava (Manioc),"Cassava (Manioc) is commonly cultivated or used in India.
It plays an important role in local diets and agriculture.","Provides essential nutrients that support overall health.
Regular consumption contributes to balanced nutrition.","Used traditionally in Indian medicine and home remedies.
Has cultural and therapeutic uses across regions.","Available seasonally depending on the crop type and region.
Local markets supply it during peak season.","Store in cool, dry conditions to maintain freshness.
Use promptly for best taste and nutrient retention.","Contains vitamins, minerals, and dietary fiber.
Also provides macronutrients appropriate to the crop type."
Elephant Foot Yam,"Elephant Foot Yam is commonly cultivated or used in India.
It plays an important role in local diets and agriculture.","Provides essential nutrients that support overall health.
Regular consumption contributes to balanced nutrition.","Used traditionally in Indian medicine and home remedies.
Has cultural and therapeutic uses across regions.","Available seasonally depending on the crop type and region.
Local markets supply it during peak season.","Store in cool, dry conditions to maintain freshness.
Use promptly for best taste and nutrient retention.","Contains vitamins, minerals, and dietary fiber.
Also provides macronutrients appropriate to the crop type."
Ratalu (Purple Yam),"Ratalu (Purple Yam) is commonly cultivated or used in India.
It plays an important role in local diets and agriculture.","Provides essential nutrients that support overall health.
Regular consumption contributes to balanced nutrition.","Used traditionally in Indian medicine and home remedies.
Has cultural and therapeutic uses across regions.","Available seasonally depending on the crop type and region.
Local markets supply it during peak season.","Store in cool, dry conditions to maintain freshness.
Use promptly for best taste and nutrient retention.","Contains vitamins, minerals, and dietary fiber.
Also provides macronutrients appropriate to the crop type."
Arrowroot,"Arrowroot is commonly cultivated or used in India.
It plays an important role in local diets and agriculture.","Provides essential nutrients that support overall health.
Regular consumption contributes to balanced nutrition.","Used traditionally in Indian medicine and home remedies.
Has cultural and therapeutic uses across regions.","Available seasonally depending on the crop type and region.
Local markets supply it during peak season.","Store in cool, dry conditions to maintain freshness.
Use promptly for best taste and nutrient retention.","Contains vitamins, minerals, and dietary fiber.
Also provides macronutrients appropriate to the crop type."
Ginger (rhizome),"Ginger (rhizome) is commonly cultivated or used in India.
It plays an important role in local diets and agriculture.","Provides essential nutrients that support overall health.
Regular consumption contributes to balanced nutrition.","Used traditionally in Indian medicine and home remedies.
Has cultural and therapeutic uses across regions.","Available seasonally depending on the crop type and region.
Local markets supply it during peak season.","Store in cool, dry conditions to maintain freshness.
Use promptly for best taste and nutrient retention.","Contains vitamins, minerals, and dietary fiber.
Also provides macronutrients appropriate to the crop type."
Turmeric (rhizome),"Turmeric (rhizome) is commonly cultivated or used in India.
It plays an important role in local diets and agriculture.","Provides essential nutrients that support overall health.
Regular consumption contributes to balanced nutrition.","Used traditionally in Indian medicine and home remedies.
Has cultural and therapeutic uses across regions.","Available seasonally depending on the crop type and region.
Local markets supply it during peak season.","Store in cool, dry conditions to maintain freshness.
Use promptly for best taste and nutrient retention.","Contains vitamins, minerals, and dietary fiber.
Also provides macronutrients appropriate to the crop type."
Garlic (bulb),"Garlic (bulb) is commonly cultivated or used in India.
It plays an important role in local diets and agriculture.","Provides essential nutrients that support overall health.
Regular consumption contributes to balanced nutrition.","Used traditionally in Indian medicine and home remedies.
Has cultural and therapeutic uses across regions.","Available seasonally depending on the crop type and region.
Local markets supply it during peak season.","Store in cool, dry conditions to maintain freshness.
Use promptly for best taste and nutrient retention.","Contains vitamins, minerals, and dietary fiber.
Also provides macronutrients appropriate to the crop type."
Tulsi (Holy Basil),"Tulsi (Holy Basil) is commonly cultivated or used in India.
It plays an important role in local diets and agriculture.","Provides essential nutrients that support overall health.
Regular consumption contributes to balanced nutrition.","Used traditionally in Indian medicine and home remedies.
Has cultural and therapeutic uses across regions.","Available seasonally depending on the crop type and region.
Local markets supply it during peak season.","Store in cool, dry conditions to maintain freshness.
Use promptly for best taste and nutrient retention.","Contains vitamins, minerals, and dietary fiber.
Also provides macronutrients appropriate to the crop type."
Aloe Vera,"Aloe Vera is commonly cultivated or used in India.
It plays an important role in local diets and agriculture.","Provides essential nutrients that support overall health.
Regular consumption contributes to balanced nutrition.","Used traditionally in Indian medicine and home remedies.
Has cultural and therapeutic uses across regions.","Available seasonally depending on the crop type and region.
Local markets supply it during peak season.","Store in cool, dry conditions to maintain freshness.
Use promptly for best taste and nutrient retention.","Contains vitamins, minerals, and dietary fiber.
Also provides macronutrients appropriate to the crop type."
Neem,"Neem is commonly cultivated or used in India.
It plays an important role in local diets and agriculture.","Provides essential nutrients that support overall health.
Regular consumption contributes to balanced nutrition.","Used traditionally in Indian medicine and home remedies.
Has cultural and therapeutic uses across regions.","Available seasonally depending on the crop type and region.
Local markets supply it during peak season.","Store in cool, dry conditions to maintain freshness.
Use promptly for best taste and nutrient retention.","Contains vitamins, minerals, and dietary fiber.
Also provides macronutrients appropriate to the crop type."
Ashwagandha,"Ashwagandha is commonly cultivated or used in India.
It plays an important role in local diets and agriculture.","Provides essential nutrients that support overall health.
Regular consumption contributes to balanced nutrition.","Used traditionally in Indian medicine and home remedies.
Has cultural and therapeutic uses across regions.","Available seasonally depending on the crop type and region.
Local markets supply it during peak season.","Store in cool, dry conditions to maintain freshness.
Use promptly for best taste and nutrient retention.","Contains vitamins, minerals, and dietary fiber.
Also provides macronutrients appropriate to the crop type."
Brahmi,"Brahmi is commonly cultivated or used in India.
It plays an important role in local diets and agriculture.","Provides essential nutrients that support overall health.
Regular consumption contributes to balanced nutrition.","Used traditionally in Indian medicine and home remedies.
Has cultural and therapeutic uses across regions.","Available seasonally depending on the crop type and region.
Local markets supply it during peak season.","Store in cool, dry conditions to maintain freshness.
Use promptly for best taste and nutrient retention.","Contains vitamins, minerals, and dietary fiber.
Also provides macronutrients appropriate to the crop type."
Tulasi (varieties),"Tulasi (varieties) is commonly cultivated or used in India.
It plays an important role in local diets and agriculture.","Provides essential nutrients that support overall health.
Regular consumption contributes to balanced nutrition.","Used traditionally in Indian medicine and home remedies.
Has cultural and therapeutic uses across regions.","Available seasonally depending on the crop type and region.
Local markets supply it during peak season.","Store in cool, dry conditions to maintain freshness.
Use promptly for best taste and nutrient retention.","Contains vitamins, minerals, and dietary fiber.
Also provides macronutrients appropriate to the crop type."
Giloy (Guduchi),"Giloy (Guduchi) is commonly cultivated or used in India.
It plays an important role in local diets and agriculture.","Provides essential nutrients that support overall health.
Regular consumption contributes to balanced nutrition.","Used traditionally in Indian medicine and home remedies.
Has cultural and therapeutic uses across regions.","Available seasonally depending on the crop type and region.
Local markets supply it during peak season.","Store in cool, dry conditions to maintain freshness.
Use promptly for best taste and nutrient retention.","Contains vitamins, minerals, and dietary fiber.
Also provides macronutrients appropriate to the crop type."
Shatavari,"Shatavari is commonly cultivated or used in India.
It plays an important role in local diets and agriculture.","Provides essential nutrients that support overall health.
Regular consumption contributes to balanced nutrition.","Used traditionally in Indian medicine and home remedies.
Has cultural and therapeutic uses across regions.","Available seasonally depending on the crop type and region.
Local markets supply it during peak season.","Store in cool, dry conditions to maintain freshness.
Use promptly for best taste and nutrient retention.","Contains vitamins, minerals, and dietary fiber.
Also provides macronutrients appropriate to the crop type."
Gokhru (Tribulus),"Gokhru (Tribulus) is commonly cultivated or used in India.
It plays an important role in local diets and agriculture.","Provides essential nutrients that support overall health.
Regular consumption contributes to balanced nutrition.","Used traditionally in Indian medicine and home remedies.
Has cultural and therapeutic uses across regions.","Available seasonally depending on the crop type and region.
Local markets supply it during peak season.","Store in cool, dry conditions to maintain freshness.
Use promptly for best taste and nutrient retention.","Contains vitamins, minerals, and dietary fiber.
Also provides macronutrients appropriate to the crop type."
Bitter Leaf (Neem family),"Bitter Leaf (Neem family) is commonly cultivated or used in India.
It plays an important role in local diets and agriculture.","Provides essential nutrients that support overall health.
Regular consumption contributes to balanced nutrition.","Used traditionally in Indian medicine and home remedies.
Has cultural and therapeutic uses across regions.","Available seasonally depending on the crop type and region.
Local markets supply it during peak season.","Store in cool, dry conditions to maintain freshness.
Use promptly for best taste and nutrient retention.","Contains vitamins, minerals, and dietary fiber.
Also provides macronutrients appropriate to the crop type."
Senna,"Senna is commonly cultivated or used in India.
It plays an important role in local diets and agriculture.","Provides essential nutrients that support overall health.
Regular consumption contributes to balanced nutrition.","Used traditionally in Indian medicine and home remedies.
Has cultural and therapeutic uses across regions.","Available seasonally depending on the crop type and region.
Local markets supply it during peak season.","Store in cool, dry conditions to maintain freshness.
Use promptly for best taste and nutrient retention.","Contains vitamins, minerals, and dietary fiber.
Also provides macronutrients appropriate to the crop type."
Alkanet (Ratanjot),"Alkanet (Ratanjot) is commonly cultivated or used in India.
It plays an important role in local diets and agriculture.","Provides essential nutrients that support overall health.
Regular consumption contributes to balanced nutrition.","Used traditionally in Indian medicine and home remedies.
Has cultural and therapeutic uses across regions.","Available seasonally depending on the crop type and region.
Local markets supply it during peak season.","Store in cool, dry conditions to maintain freshness.
Use promptly for best taste and nutrient retention.","Contains vitamins, minerals, and dietary fiber.
Also provides macronutrients appropriate to the crop type."
Henna,"Henna is commonly cultivated or used in India.
It plays an important role in local diets and agriculture.","Provides essential nutrients that support overall health.
Regular consumption contributes to balanced nutrition.","Used traditionally in Indian medicine and home remedies.
Has cultural and therapeutic uses across regions.","Available seasonally depending on the crop type and region.
Local markets supply it during peak season.","Store in cool, dry conditions to maintain freshness.
Use promptly for best taste and nutrient retention.","Contains vitamins, minerals, and dietary fiber.
Also provides macronutrients appropriate to the crop type."
Haritaki (Terminalia chebula),"Haritaki (Terminalia chebula) is commonly cultivated or used in India.
It plays an important role in local diets and agriculture.","Provides essential nutrients that support overall health.
Regular consumption contributes to balanced nutrition.","Used traditionally in Indian medicine and home remedies.
Has cultural and therapeutic uses across regions.","Available seasonally depending on the crop type and region.
Local markets supply it during peak season.","Store in cool, dry conditions to maintain freshness.
Use promptly for best taste and nutrient retention.","Contains vitamins, minerals, and dietary fiber.
Also provides macronutrients appropriate to the crop type."
Baheda (Terminalia bellerica),"Baheda (Terminalia bellerica) is commonly cultivated or used in India.
It plays an important role in local diets and agriculture.","Provides essential nutrients that support overall health.
Regular consumption contributes to balanced nutrition.","Used traditionally in Indian medicine and home remedies.
Has cultural and therapeutic uses across regions.","Available seasonally depending on the crop type and region.
Local markets supply it during peak season.","Store in cool, dry conditions to maintain freshness.
Use promptly for best taste and nutrient retention.","Contains vitamins, minerals, and dietary fiber.
Also provides macronutrients appropriate to the crop type."
Amla (Indian Gooseberry),"Amla (Indian Gooseberry) is commonly cultivated or used in India.
It plays an important role in local diets and agriculture.","Provides essential nutrients that support overall health.
Regular consumption contributes to balanced nutrition.","Used traditionally in Indian medicine and home remedies.
Has cultural and therapeutic uses across regions.","Available seasonally depending on the crop type and region.
Local markets supply it during peak season.","Store in cool, dry conditions to maintain freshness.
Use promptly for best taste and nutrient retention.","Contains vitamins, minerals, and dietary fiber.
Also provides macronutrients appropriate to the crop type."
Kadukkai,"Kadukkai is commonly cultivated or used in India.
It plays an important role in local diets and agriculture.","Provides essential nutrients that support overall health.
Regular consumption contributes to balanced nutrition.","Used traditionally in Indian medicine and home remedies.
Has cultural and therapeutic uses across regions.","Available seasonally depending on the crop type and region.
Local markets supply it during peak season.","Store in cool, dry conditions to maintain freshness.
Use promptly for best taste and nutrient retention.","Contains vitamins, minerals, and dietary fiber.
Also provides macronutrients appropriate to the crop type."
Sidr (Jujube variant),"Sidr (Jujube variant) is commonly cultivated or used in India.
It plays an important role in local diets and agriculture.","Provides essential nutrients that support overall health.
Regular consumption contributes to balanced nutrition.","Used traditionally in Indian medicine and home remedies.
Has cultural and therapeutic uses across regions.","Available seasonally depending on the crop type and region.
Local markets supply it during peak season.","Store in cool, dry conditions to maintain freshness.
Use promptly for best taste and nutrient retention.","Contains vitamins, minerals, and dietary fiber.
Also provides macronutrients appropriate to the crop type."
Methi (Fenugreek),"Methi (Fenugreek) is commonly cultivated or used in India.
It plays an important role in local diets and agriculture.","Provides essential nutrients that support overall health.
Regular consumption contributes to balanced nutrition.","Used traditionally in Indian medicine and home remedies.
Has cultural and therapeutic uses across regions.","Available seasonally depending on the crop type and region.
Local markets supply it during peak season.","Store in cool, dry conditions to maintain freshness.
Use promptly for best taste and nutrient retention.","Contains vitamins, minerals, and dietary fiber.
Also provides macronutrients appropriate to the crop type."
Kalonji (Nigella),"Kalonji (Nigella) is commonly cultivated or used in India.
It plays an important role in local diets and agriculture.","Provides essential nutrients that support overall health.
Regular consumption contributes to balanced nutrition.","Used traditionally in Indian medicine and home remedies.
Has cultural and therapeutic uses across regions.","Available seasonally depending on the crop type and region.
Local markets supply it during peak season.","Store in cool, dry conditions to maintain freshness.
Use promptly for best taste and nutrient retention.","Contains vitamins, minerals, and dietary fiber.
Also provides macronutrients appropriate to the crop type."
Sunflower (oilseed),"Sunflower (oilseed) is commonly cultivated or used in India.
It plays an important role in local diets and agriculture.","Provides essential nutrients that support overall health.
Regular consumption contributes to balanced nutrition.","Used traditionally in Indian medicine and home remedies.
Has cultural and therapeutic uses across regions.","Available seasonally depending on the crop type and region.
Local markets supply it during peak season.","Store in cool, dry conditions to maintain freshness.
Use promptly for best taste and nutrient retention.","Contains vitamins, minerals, and dietary fiber.
Also provides macronutrients appropriate to the crop type."
Sesame (til),"Sesame (til) is commonly cultivated or used in India.
It plays an important role in local diets and agriculture.","Provides essential nutrients that support overall health.
Regular consumption contributes to balanced nutrition.","Used traditionally in Indian medicine and home remedies.
Has cultural and therapeutic uses across regions.","Available seasonally depending on the crop type and region.
Local markets supply it during peak season.","Store in cool, dry conditions to maintain freshness.
Use promptly for best taste and nutrient retention.","Contains vitamins, minerals, and dietary fiber.
Also provides macronutrients appropriate to the crop type."
Mustard (rape seed),"Mustard (rape seed) is commonly cultivated or used in India.
It plays an important role in local diets and agriculture.","Provides essential nutrients that support overall health.
Regular consumption contributes to balanced nutrition.","Used traditionally in Indian medicine and home remedies.
Has cultural and therapeutic uses across regions.","Available seasonally depending on the crop type and region.
Local markets supply it during peak season.","Store in cool, dry conditions to maintain freshness.
Use promptly for best taste and nutrient retention.","Contains vitamins, minerals, and dietary fiber.
Also provides macronutrients appropriate to the crop type."
Linseed (flax),"Linseed (flax) is commonly cultivated or used in India.
It plays an important role in local diets and agriculture.","Provides essential nutrients that support overall health.
Regular consumption contributes to balanced nutrition.","Used traditionally in Indian medicine and home remedies.
Has cultural and therapeutic uses across regions.","Available seasonally depending on the crop type and region.
Local markets supply it during peak season.","Store in cool, dry conditions to maintain freshness.
Use promptly for best taste and nutrient retention.","Contains vitamins, minerals, and dietary fiber.
Also provides macronutrients appropriate to the crop type."
Safflower,"Safflower is commonly cultivated or used in India.
It plays an important role in local diets and agriculture.","Provides essential nutrients that support overall health.
Regular consumption contributes to balanced nutrition.","Used traditionally in Indian medicine and home remedies.
Has cultural and therapeutic uses across regions.","Available seasonally depending on the crop type and region.
Local markets supply it during peak season.","Store in cool, dry conditions to maintain freshness.
Use promptly for best taste and nutrient retention.","Contains vitamins, minerals, and dietary fiber.
Also provides macronutrients appropriate to the crop type."
Chickpea (gram),"Chickpea (gram) is commonly cultivated or used in India.
It plays an important role in local diets and agriculture.","Provides essential nutrients that support overall health.
Regular consumption contributes to balanced nutrition.","Used traditionally in Indian medicine and home remedies.
Has cultural and therapeutic uses across regions.","Available seasonally depending on the crop type and region.
Local markets supply it during peak season.","Store in cool, dry conditions to maintain freshness.
Use promptly for best taste and nutrient retention.","Contains vitamins, minerals, and dietary fiber.
Also provides macronutrients appropriate to the crop type."
Buckwheat (kuttu),"Buckwheat (kuttu) is commonly cultivated or used in India.
It plays an important role in local diets and agriculture.","Provides essential nutrients that support overall health.
Regular consumption contributes to balanced nutrition.","Used traditionally in Indian medicine and home remedies.
Has cultural and therapeutic uses across regions.","Available seasonally depending on the crop type and region.
Local markets supply it during peak season.","Store in cool, dry conditions to maintain freshness.
Use promptly for best taste and nutrient retention.","Contains vitamins, minerals, and dietary fiber.
Also provides macronutrients appropriate to the crop type."
Millet blends,"Millet blends is commonly cultivated or used in India.
It plays an important role in local diets and agriculture.","Provides essential nutrients that support overall health.
Regular consumption contributes to balanced nutrition.","Used traditionally in Indian medicine and home remedies.
Has cultural and therapeutic uses across regions.","Available seasonally depending on the crop type and region.
Local markets supply it during peak season.","Store in cool, dry conditions to maintain freshness.
Use promptly for best taste and nutrient retention.","Contains vitamins, minerals, and dietary fiber.
Also provides macronutrients appropriate to the crop type."
Mixed Forage Crops,"Mixed Forage Crops is commonly cultivated or used in India.
It plays an important role in local diets and agriculture.","Provides essential nutrients that support overall health.
Regular consumption contributes to balanced nutrition.","Used traditionally in Indian medicine and home remedies.
Has cultural and therapeutic uses across regions.","Available seasonally depending on the crop type and region.
Local markets supply it during peak season.","Store in cool, dry conditions to maintain freshness.
Use promptly for best taste and nutrient retention.","Contains vitamins, minerals, and dietary fiber.
Also provides macronutrients appropriate to the crop type."
Green Manure Crops,"Green Manure Crops is commonly cultivated or used in India.
It plays an important role in local diets and agriculture.","Provides essential nutrients that support overall health.
Regular consumption contributes to balanced nutrition.","Used traditionally in Indian medicine and home remedies.
Has cultural and therapeutic uses across regions.","Available seasonally depending on the crop type and region.
Local markets supply it during peak season.","Store in cool, dry conditions to maintain freshness.
Use promptly for best taste and nutrient retention.","Contains vitamins, minerals, and dietary fiber.
Also provides macronutrients appropriate to the crop type."
Hemp (industrial),"Hemp (industrial) is commonly cultivated or used in India.
It plays an important role in local diets and agriculture.","Provides essential nutrients that support overall health.
Regular consumption contributes to balanced nutrition.","Used traditionally in Indian medicine and home remedies.
Has cultural and therapeutic uses across regions.","Available seasonally depending on the crop type and region.
Local markets supply it during peak season.","Store in cool, dry conditions to maintain freshness.
Use promptly for best taste and nutrient retention.","Contains vitamins, minerals, and dietary fiber.
Also provides macronutrients appropriate to the crop type."
Jute,"Jute is commonly cultivated or used in India.
It plays an important role in local diets and agriculture.","Provides essential nutrients that support overall health.
Regular consumption contributes to balanced nutrition.","Used traditionally in Indian medicine and home remedies.
Has cultural and therapeutic uses across regions.","Available seasonally depending on the crop type and region.
Local markets supply it during peak season.","Store in cool, dry conditions to maintain freshness.
Use promptly for best taste and nutrient retention.","Contains vitamins, minerals, and dietary fiber.
Also provides macronutrients appropriate to the crop type."
Cotton,"Cotton is commonly cultivated or used in India.
It plays an important role in local diets and agriculture.","Provides essential nutrients that support overall health.
Regular consumption contributes to balanced nutrition.","Used traditionally in Indian medicine and home remedies.
Has cultural and therapeutic uses across regions.","Available seasonally depending on the crop type and region.
Local markets supply it during peak season.","Store in cool, dry conditions to maintain freshness.
Use promptly for best taste and nutrient retention.","Contains vitamins, minerals, and dietary fiber.
Also provides macronutrients appropriate to the crop type."
Sorghum Fodder,"Sorghum Fodder is commonly cultivated or used in India.
It plays an important role in local diets and agriculture.","Provides essential nutrients that support overall health.
Regular consumption contributes to balanced nutrition.","Used traditionally in Indian medicine and home remedies.
Has cultural and therapeutic uses across regions.","Available seasonally depending on the crop type and region.
Local markets supply it during peak season.","Store in cool, dry conditions to maintain freshness.
Use promptly for best taste and nutrient retention.","Contains vitamins, minerals, and dietary fiber.
Also provides macronutrients appropriate to the crop type."
Lucerne (Alfalfa),"Lucerne (Alfalfa) is commonly cultivated or used in India.
It plays an important role in local diets and agriculture.","Provides essential nutrients that support overall health.
Regular consumption contributes to balanced nutrition.","Used traditionally in Indian medicine and home remedies.
Has cultural and therapeutic uses across regions.","Available seasonally depending on the crop type and region.
Local markets supply it during peak season.","Store in cool, dry conditions to maintain freshness.
Use promptly for best taste and nutrient retention.","Contains vitamins, minerals, and dietary fiber.
Also provides macronutrients appropriate to the crop type."
Sesame (black),"Sesame (black) is commonly cultivated or used in India.
It plays an important role in local diets and agriculture.","Provides essential nutrients that support overall health.
Regular consumption contributes to balanced nutrition.","Used traditionally in Indian medicine and home remedies.
Has cultural and therapeutic uses across regions.","Available seasonally depending on the crop type and region.
Local markets supply it during peak season.","Store in cool, dry conditions to maintain freshness.
Use promptly for best taste and nutrient retention.","Contains vitamins, minerals, and dietary fiber.
Also provides macronutrients appropriate to the crop type."
Medicinal Tulsi varieties,"Medicinal Tulsi varieties is commonly cultivated or used in India.
It plays an important role in local diets and agriculture.","Provides essential nutrients that support overall health.
Regular consumption contributes to balanced nutrition.","Used traditionally in Indian medicine and home remedies.
Has cultural and therapeutic uses across regions.","Available seasonally depending on the crop type and region.
Local markets supply it during peak season.","Store in cool, dry conditions to maintain freshness.
Use promptly for best taste and nutrient retention.","Contains vitamins, minerals, and dietary fiber.
Also provides macronutrients appropriate to the crop type."
"Mango Varieties (Alphonso, Banganapalli)","Mango Varieties (Alphonso, Banganapalli) is commonly cultivated or used in India.
It plays an important role in local diets and agriculture.","Provides essential nutrients that support overall health.
Regular consumption contributes to balanced nutrition.","Used traditionally in Indian medicine and home remedies.
Has cultural and therapeutic uses across regions.","Available seasonally depending on the crop type and region.
Local markets supply it during peak season.","Store in cool, dry conditions to maintain freshness.
Use promptly for best taste and nutrient retention.","Contains vitamins, minerals, and dietary fiber.
Also provides macronutrients appropriate to the crop type."
Hybrid Rice Varieties,"Hybrid Rice Varieties is commonly cultivated or used in India.
It plays an important role in local diets and agriculture.","Provides essential nutrients that support overall health.
Regular consumption contributes to balanced nutrition.","Used traditionally in Indian medicine and home remedies.
Has cultural and therapeutic uses across regions.","Available seasonally depending on the crop type and region.
Local markets supply it during peak season.","Store in cool, dry conditions to maintain freshness.
Use promptly for best taste and nutrient retention.","Contains vitamins, minerals, and dietary fiber.
Also provides macronutrients appropriate to the crop type."
Vegetable Seeds,"Vegetable Seeds is commonly cultivated or used in India.
It plays an important role in local diets and agriculture.","Provides essential nutrients that support overall health.
Regular consumption contributes to balanced nutrition.","Used traditionally in Indian medicine and home remedies.
Has cultural and therapeutic uses across regions.","Available seasonally depending on the crop type and region.
Local markets supply it during peak season.","Store in cool, dry conditions to maintain freshness.
Use promptly for best taste and nutrient retention.","Contains vitamins, minerals, and dietary fiber.
Also provides macronutrients appropriate to the crop type."
Aonla (Amla),"Aonla (Amla) is commonly cultivated or used in India.
It plays an important role in local diets and agriculture.","Provides essential nutrients that support overall health.
Regular consumption contributes to balanced nutrition.","Used traditionally in Indian medicine and home remedies.
Has cultural and therapeutic uses across regions.","Available seasonally depending on the crop type and region.
Local markets supply it during peak season.","Store in cool, dry conditions to maintain freshness.
Use promptly for best taste and nutrient retention.","Contains vitamins, minerals, and dietary fiber.
Also provides macronutrients appropriate to the crop type."
Anola,"Anola is commonly cultivated or used in India.
It plays an important role in local diets and agriculture.","Provides essential nutrients that support overall health.
Regular consumption contributes to balanced nutrition.","Used traditionally in Indian medicine and home remedies.
Has cultural and therapeutic uses across regions.","Available seasonally depending on the crop type and region.
Local markets supply it during peak season.","Store in cool, dry conditions to maintain freshness.
Use promptly for best taste and nutrient retention.","Contains vitamins, minerals, and dietary fiber.
Also provides macronutrients appropriate to the crop type."
Bitter Gourd (Karela),"Bitter Gourd (Karela) is commonly cultivated or used in India.
It plays an important role in local diets and agriculture.","Provides essential nutrients that support overall health.
Regular consumption contributes to balanced nutrition.","Used traditionally in Indian medicine and home remedies.
Has cultural and therapeutic uses across regions.","Available seasonally depending on the crop type and region.
Local markets supply it during peak season.","Store in cool, dry conditions to maintain freshness.
Use promptly for best taste and nutrient retention.","Contains vitamins, minerals, and dietary fiber.
Also provides macronutrients appropriate to the crop type."
Kakum,"Kakum is commonly cultivated or used in India.
It plays an important role in local diets and agriculture.","Provides essential nutrients that support overall health.
Regular consumption contributes to balanced nutrition.","Used traditionally in Indian medicine and home remedies.
Has cultural and therapeutic uses across regions.","Available seasonally depending on the crop type and region.
Local markets supply it during peak season.","Store in cool, dry conditions to maintain freshness.
Use promptly for best taste and nutrient retention.","Contains vitamins, minerals, and dietary fiber.
Also provides macronutrients appropriate to the crop type."
Kokum,"Kokum is commonly cultivated or used in India.
It plays an important role in local diets and agriculture.","Provides essential nutrients that support overall health.
Regular consumption contributes to balanced nutrition.","Used traditionally in Indian medicine and home remedies.
Has cultural and therapeutic uses across regions.","Available seasonally depending on the crop type and region.
Local markets supply it during peak season.","Store in cool, dry conditions to maintain freshness.
Use promptly for best taste and nutrient retention.","Contains vitamins, minerals, and dietary fiber.
Also provides macronutrients appropriate to the crop type."
Kewda,"Kewda is commonly cultivated or used in India.
It plays an important role in local diets and agriculture.","Provides essential nutrients that support overall health.
Regular consumption contributes to balanced nutrition.","Used traditionally in Indian medicine and home remedies.
Has cultural and therapeutic uses across regions.","Available seasonally depending on the crop type and region.
Local markets supply it during peak season.","Store in cool, dry conditions to maintain freshness.
Use promptly for best taste and nutrient retention.","Contains vitamins, minerals, and dietary fiber.
Also provides macronutrients appropriate to the crop type."
Soursop,"Soursop is commonly cultivated or used in India.
It plays an important role in local diets and agriculture.","Provides essential nutrients that support overall health.
Regular consumption contributes to balanced nutrition.","Used traditionally in Indian medicine and home remedies.
Has cultural and therapeutic uses across regions.","Available seasonally depending on the crop type and region.
Local markets supply it during peak season.","Store in cool, dry conditions to maintain freshness.
Use promptly for best taste and nutrient retention.","Contains vitamins, minerals, and dietary fiber.
Also provides macronutrients appropriate to the crop type."
Neem Fruit,"Neem Fruit is commonly cultivated or used in India.
It plays an important role in local diets and agriculture.","Provides essential nutrients that support overall health.
Regular consumption contributes to balanced nutrition.","Used traditionally in Indian medicine and home remedies.
Has cultural and therapeutic uses across regions.","Available seasonally depending on the crop type and region.
Local markets supply it during peak season.","Store in cool, dry conditions to maintain freshness.
Use promptly for best taste and nutrient retention.","Contains vitamins, minerals, and dietary fiber.
Also provides macronutrients appropriate to the crop type."
Kokum (Garcinia indica),"Kokum (Garcinia indica) is commonly cultivated or used in India.
It plays an important role in local diets and agriculture.","Provides essential nutrients that support overall health.
Regular consumption contributes to balanced nutrition.","Used traditionally in Indian medicine and home remedies.
Has cultural and therapeutic uses across regions.","Available seasonally depending on the crop type and region.
Local markets supply it during peak season.","Store in cool, dry conditions to maintain freshness.
Use promptly for best taste and nutrient retention.","Contains vitamins, minerals, and dietary fiber.
Also provides macronutrients appropriate to the crop type."
Kapok,"Kapok is commonly cultivated or used in India.
It plays an important role in local diets and agriculture.","Provides essential nutrients that support overall health.
Regular consumption contributes to balanced nutrition.","Used traditionally in Indian medicine and home remedies.
Has cultural and therapeutic uses across regions.","Available seasonally depending on the crop type and region.
Local markets supply it during peak season.","Store in cool, dry conditions to maintain freshness.
Use promptly for best taste and nutrient retention.","Contains vitamins, minerals, and dietary fiber.
Also provides macronutrients appropriate to the crop type."
Mahua,"Mahua is commonly cultivated or used in India.
It plays an important role in local diets and agriculture.","Provides essential nutrients that support overall health.
Regular consumption contributes to balanced nutrition.","Used traditionally in Indian medicine and home remedies.
Has cultural and therapeutic uses across regions.","Available seasonally depending on the crop type and region.
Local markets supply it during peak season.","Store in cool, dry conditions to maintain freshness.
Use promptly for best taste and nutrient retention.","Contains vitamins, minerals, and dietary fiber.
Also provides macronutrients appropriate to the crop type."
Jamun Seed,"Jamun Seed is commonly cultivated or used in India.
It plays an important role in local diets and agriculture.","Provides essential nutrients that support overall health.
Regular consumption contributes to balanced nutrition.","Used traditionally in Indian medicine and home remedies.
Has cultural and therapeutic uses across regions.","Available seasonally depending on the crop type and region.
Local markets supply it during peak season.","Store in cool, dry conditions to maintain freshness.
Use promptly for best taste and nutrient retention.","Contains vitamins, minerals, and dietary fiber.
Also provides macronutrients appropriate to the crop type."
Amaranthus (Leaves),"Amaranthus (Leaves) is commonly cultivated or used in India.
It plays an important role in local diets and agriculture.","Provides essential nutrients that support overall health.
Regular consumption contributes to balanced nutrition.","Used traditionally in Indian medicine and home remedies.
Has cultural and therapeutic uses across regions.","Available seasonally depending on the crop type and region.
Local markets supply it during peak season.","Store in cool, dry conditions to maintain freshness.
Use promptly for best taste and nutrient retention.","Contains vitamins, minerals, and dietary fiber.
Also provides macronutrients appropriate to the crop type."
Methi (Fenugreek Leaves),"Methi (Fenugreek Leaves) is commonly cultivated or used in India.
It plays an important role in local diets and agriculture.","Provides essential nutrients that support overall health.
Regular consumption contributes to balanced nutrition.","Used traditionally in Indian medicine and home remedies.
Has cultural and therapeutic uses across regions.","Available seasonally depending on the crop type and region.
Local markets supply it during peak season.","Store in cool, dry conditions to maintain freshness.
Use promptly for best taste and nutrient retention.","Contains vitamins, minerals, and dietary fiber.
Also provides macronutrients appropriate to the crop type."
Pudina (Mint varieties),"Pudina (Mint varieties) is commonly cultivated or used in India.
It plays an important role in local diets and agriculture.","Provides essential nutrients that support overall health.
Regular consumption contributes to balanced nutrition.","Used traditionally in Indian medicine and home remedies.
Has cultural and therapeutic uses across regions.","Available seasonally depending on the crop type and region.
Local markets supply it during peak season.","Store in cool, dry conditions to maintain freshness.
Use promptly for best taste and nutrient retention.","Contains vitamins, minerals, and dietary fiber.
Also provides macronutrients appropriate to the crop type."
Kokum Butter,"Kokum Butter is commonly cultivated or used in India.
It plays an important role in local diets and agriculture.","Provides essential nutrients that support overall health.
Regular consumption contributes to balanced nutrition.","Used traditionally in Indian medicine and home remedies.
Has cultural and therapeutic uses across regions.","Available seasonally depending on the crop type and region.
Local markets supply it during peak season.","Store in cool, dry conditions to maintain freshness.
Use promptly for best taste and nutrient retention.","Contains vitamins, minerals, and dietary fiber.
Also provides macronutrients appropriate to the crop type."
Kodo Millet (varieties),"Kodo Millet (varieties) is commonly cultivated or used in India.
It plays an important role in local diets and agriculture.","Provides essential nutrients that support overall health.
Regular consumption contributes to balanced nutrition.","Used traditionally in Indian medicine and home remedies.
Has cultural and therapeutic uses across regions.","Available seasonally depending on the crop type and region.
Local markets supply it during peak season.","Store in cool, dry conditions to maintain freshness.
Use promptly for best taste and nutrient retention.","Contains vitamins, minerals, and dietary fiber.
Also provides macronutrients appropriate to the crop type."
Proso Millet (varieties),"Proso Millet (varieties) is commonly cultivated or used in India.
It plays an important role in local diets and agriculture.","Provides essential nutrients that support overall health.
Regular consumption contributes to balanced nutrition.","Used traditionally in Indian medicine and home remedies.
Has cultural and therapeutic uses across regions.","Available seasonally depending on the crop type and region.
Local markets supply it during peak season.","Store in cool, dry conditions to maintain freshness.
Use promptly for best taste and nutrient retention.","Contains vitamins, minerals, and dietary fiber.
Also provides macronutrients appropriate to the crop type."
Ragi Varieties,"Ragi Varieties is commonly cultivated or used in India.
It plays an important role in local diets and agriculture.","Provides essential nutrients that support overall health.
Regular consumption contributes to balanced nutrition.","Used traditionally in Indian medicine and home remedies.
Has cultural and therapeutic uses across regions.","Available seasonally depending on the crop type and region.
Local markets supply it during peak season.","Store in cool, dry conditions to maintain freshness.
Use promptly for best taste and nutrient retention.","Contains vitamins, minerals, and dietary fiber.
Also provides macronutrients appropriate to the crop type."
Jowar Varieties,"Jowar Varieties is commonly cultivated or used in India.
It plays an important role in local diets and agriculture.","Provides essential nutrients that support overall health.
Regular consumption contributes to balanced nutrition.","Used traditionally in Indian medicine and home remedies.
Has cultural and therapeutic uses across regions.","Available seasonally depending on the crop type and region.
Local markets supply it during peak season.","Store in cool, dry conditions to maintain freshness.
Use promptly for best taste and nutrient retention.","Contains vitamins, minerals, and dietary fiber.
Also provides macronutrients appropriate to the crop type."
Bajra Varieties,"Bajra Varieties is commonly cultivated or used in India.
It plays an important role in local diets and agriculture.","Provides essential nutrients that support overall health.
Regular consumption contributes to balanced nutrition.","Used traditionally in Indian medicine and home remedies.
Has cultural and therapeutic uses across regions.","Available seasonally depending on the crop type and region.
Local markets supply it during peak season.","Store in cool, dry conditions to maintain freshness.
Use promptly for best taste and nutrient retention.","Contains vitamins, minerals, and dietary fiber.
Also provides macronutrients appropriate to the crop type."
Small Millet Mix,"Small Millet Mix is commonly cultivated or used in India.
It plays an important role in local diets and agriculture.","Provides essential nutrients that support overall health.
Regular consumption contributes to balanced nutrition.","Used traditionally in Indian medicine and home remedies.
Has cultural and therapeutic uses across regions.","Available seasonally depending on the crop type and region.
Local markets supply it during peak season.","Store in cool, dry conditions to maintain freshness.
Use promptly for best taste and nutrient retention.","Contains vitamins, minerals, and dietary fiber.
Also provides macronutrients appropriate to the crop type."
Black Gram (Urd),"Black Gram (Urd) is commonly cultivated or used in India.
It plays an important role in local diets and agriculture.","Provides essential nutrients that support overall health.
Regular consumption contributes to balanced nutrition.","Used traditionally in Indian medicine and home remedies.
Has cultural and therapeutic uses across regions.","Available seasonally depending on the crop type and region.
Local markets supply it during peak season.","Store in cool, dry conditions to maintain freshness.
Use promptly for best taste and nutrient retention.","Contains vitamins, minerals, and dietary fiber.
Also provides macronutrients appropriate to the crop type."
Mung Beans (varieties),"Mung Beans (varieties) is commonly cultivated or used in India.
It plays an important role in local diets and agriculture.","Provides essential nutrients that support overall health.
Regular consumption contributes to balanced nutrition.","Used traditionally in Indian medicine and home remedies.
Has cultural and therapeutic uses across regions.","Available seasonally depending on the crop type and region.
Local markets supply it during peak season.","Store in cool, dry conditions to maintain freshness.
Use promptly for best taste and nutrient retention.","Contains vitamins, minerals, and dietary fiber.
Also provides macronutrients appropriate to the crop type."
Rice (Basmati),"Rice (Basmati) is commonly cultivated or used in India.
It plays an important role in local diets and agriculture.","Provides essential nutrients that support overall health.
Regular consumption contributes to balanced nutrition.","Used traditionally in Indian medicine and home remedies.
Has cultural and therapeutic uses across regions.","Available seasonally depending on the crop type and region.
Local markets supply it during peak season.","Store in cool, dry conditions to maintain freshness.
Use promptly for best taste and nutrient retention.","Contains vitamins, minerals, and dietary fiber.
Also provides macronutrients appropriate to the crop type."
Rice (Sona Masuri),"Rice (Sona Masuri) is commonly cultivated or used in India.
It plays an important role in local diets and agriculture.","Provides essential nutrients that support overall health.
Regular consumption contributes to balanced nutrition.","Used traditionally in Indian medicine and home remedies.
Has cultural and therapeutic uses across regions.","Available seasonally depending on the crop type and region.
Local markets supply it during peak season.","Store in cool, dry conditions to maintain freshness.
Use promptly for best taste and nutrient retention.","Contains vitamins, minerals, and dietary fiber.
Also provides macronutrients appropriate to the crop type."
Rice (Kolam),"Rice (Kolam) is commonly cultivated or used in India.
It plays an important role in local diets and agriculture.","Provides essential nutrients that support overall health.
Regular consumption contributes to balanced nutrition.","Used traditionally in Indian medicine and home remedies.
Has cultural and therapeutic uses across regions.","Available seasonally depending on the crop type and region.
Local markets supply it during peak season.","Store in cool, dry conditions to maintain freshness.
Use promptly for best taste and nutrient retention.","Contains vitamins, minerals, and dietary fiber.
Also provides macronutrients appropriate to the crop type."
Rice (IR 8),"Rice (IR 8) is commonly cultivated or used in India.
It plays an important role in local diets and agriculture.","Provides essential nutrients that support overall health.
Regular consumption contributes to balanced nutrition.","Used traditionally in Indian medicine and home remedies.
Has cultural and therapeutic uses across regions.","Available seasonally depending on the crop type and region.
Local markets supply it during peak season.","Store in cool, dry conditions to maintain freshness.
Use promptly for best taste and nutrient retention.","Contains vitamins, minerals, and dietary fiber.
Also provides macronutrients appropriate to the crop type."
Jasmine Rice (local),"Jasmine Rice (local) is commonly cultivated or used in India.
It plays an important role in local diets and agriculture.","Provides essential nutrients that support overall health.
Regular consumption contributes to balanced nutrition.","Used traditionally in Indian medicine and home remedies.
Has cultural and therapeutic uses across regions.","Available seasonally depending on the crop type and region.
Local markets supply it during peak season.","Store in cool, dry conditions to maintain freshness.
Use promptly for best taste and nutrient retention.","Contains vitamins, minerals, and dietary fiber.
Also provides macronutrients appropriate to the crop type."
Sannathi Rice,"Sannathi Rice is commonly cultivated or used in India.
It plays an important role in local diets and agriculture.","Provides essential nutrients that support overall health.
Regular consumption contributes to balanced nutrition.","Used traditionally in Indian medicine and home remedies.
Has cultural and therapeutic uses across regions.","Available seasonally depending on the crop type and region.
Local markets supply it during peak season.","Store in cool, dry conditions to maintain freshness.
Use promptly for best taste and nutrient retention.","Contains vitamins, minerals, and dietary fiber.
Also provides macronutrients appropriate to the crop type."
Heeng (Asafoetida resin),"Heeng (Asafoetida resin) is commonly cultivated or used in India.
It plays an important role in local diets and agriculture.","Provides essential nutrients that support overall health.
Regular consumption contributes to balanced nutrition.","Used traditionally in Indian medicine and home remedies.
Has cultural and therapeutic uses across regions.","Available seasonally depending on the crop type and region.
Local markets supply it during peak season.","Store in cool, dry conditions to maintain freshness.
Use promptly for best taste and nutrient retention.","Contains vitamins, minerals, and dietary fiber.
Also provides macronutrients appropriate to the crop type."
Kokum Ghan,"Kokum Ghan is commonly cultivated or used in India.
It plays an important role in local diets and agriculture.","Provides essential nutrients that support overall health.
Regular consumption contributes to balanced nutrition.","Used traditionally in Indian medicine and home remedies.
Has cultural and therapeutic uses across regions.","Available seasonally depending on the crop type and region.
Local markets supply it during peak season.","Store in cool, dry conditions to maintain freshness.
Use promptly for best taste and nutrient retention.","Contains vitamins, minerals, and dietary fiber.
Also provides macronutrients appropriate to the crop type."
Pippali (Long Pepper),"Pippali (Long Pepper) is commonly cultivated or used in India.
It plays an important role in local diets and agriculture.","Provides essential nutrients that support overall health.
Regular consumption contributes to balanced nutrition.","Used traditionally in Indian medicine and home remedies.
Has cultural and therapeutic uses across regions.","Available seasonally depending on the crop type and region.
Local markets supply it during peak season.","Store in cool, dry conditions to maintain freshness.
Use promptly for best taste and nutrient retention.","Contains vitamins, minerals, and dietary fiber.
Also provides macronutrients appropriate to the crop type."
Chironji,"Chironji is commonly cultivated or used in India.
It plays an important role in local diets and agriculture.","Provides essential nutrients that support overall health.
Regular consumption contributes to balanced nutrition.","Used traditionally in Indian medicine and home remedies.
Has cultural and therapeutic uses across regions.","Available seasonally depending on the crop type and region.
Local markets supply it during peak season.","Store in cool, dry conditions to maintain freshness.
Use promptly for best taste and nutrient retention.","Contains vitamins, minerals, and dietary fiber.
Also provides macronutrients appropriate to the crop type."
Mahua Flower,"Mahua Flower is commonly cultivated or used in India.
It plays an important role in local diets and agriculture.","Provides essential nutrients that support overall health.
Regular consumption contributes to balanced nutrition.","Used traditionally in Indian medicine and home remedies.
Has cultural and therapeutic uses across regions.","Available seasonally depending on the crop type and region.
Local markets supply it during peak season.","Store in cool, dry conditions to maintain freshness.
Use promptly for best taste and nutrient retention.","Contains vitamins, minerals, and dietary fiber.
Also provides macronutrients appropriate to the crop type."
Lentil (Masoor Yellow),"Lentil (Masoor Yellow) is commonly cultivated or used in India.
It plays an important role in local diets and agriculture.","Provides essential nutrients that support overall health.
Regular consumption contributes to balanced nutrition.","Used traditionally in Indian medicine and home remedies.
Has cultural and therapeutic uses across regions.","Available seasonally depending on the crop type and region.
Local markets supply it during peak season.","Store in cool, dry conditions to maintain freshness.
Use promptly for best taste and nutrient retention.","Contains vitamins, minerals, and dietary fiber.
Also provides macronutrients appropriate to the crop type."
Peanut (Virginia),"Peanut (Virginia) is commonly cultivated or used in India.
It plays an important role in local diets and agriculture.","Provides essential nutrients that support overall health.
Regular consumption contributes to balanced nutrition.","Used traditionally in Indian medicine and home remedies.
Has cultural and therapeutic uses across regions.","Available seasonally depending on the crop type and region.
Local markets supply it during peak season.","Store in cool, dry conditions to maintain freshness.
Use promptly for best taste and nutrient retention.","Contains vitamins, minerals, and dietary fiber.
Also provides macronutrients appropriate to the crop type."
